,ResponseID,Mode,Gender,Age,Competent,Intelligent,Thoughtful,CompositeIntellect,Stimulus,RecommendationFollowed
1,R_2YxM5Z2ykVvhjUY,Auditory,1,42,5,4,4,4.333333333,CreditCard,0
2,R_2ea3ElcjT0YlUYZ,Auditory,2,28,8,7,7,7.333333333,CreditCard,0
3,R_1IKwHgKpp7FZINx,Visual,2,34,6,6,6,6,CreditCard,0
4,R_qPdZEPblOw42JHj,Auditory,1,28,7,7,7,7,CreditCard,1
5,R_3Mb4OjDgaQD1kbD,Visual,2,46,8,8,8,8,CreditCard,1
6,R_2qwOoroF4bt2LA4,Visual,1,21,4,5,4,4.333333333,CreditCard,0
7,R_1P0JAmdEz4SzI8f,Auditory,2,24,8,6,7,7,CreditCard,1
8,R_efTRpLG6IdnkwvL,Visual,2,29,6,6,5,5.666666667,CreditCard,0
9,R_22M7u8UK82jqIY8,Auditory,1,64,6,5,5,5.333333333,CreditCard,0
10,R_2104w0w1awHaAIi,Visual,2,26,3,5,6,4.666666667,CreditCard,0
11,R_3NKTOlPWndypDZH,Auditory,2,30,7,6,3,5.333333333,CreditCard,1
12,R_1nVipWogqD6bY16,Visual,1,49,6,7,3,5.333333333,CreditCard,0
13,R_3Rh1sVJHmDgRtqo,Visual,1,19,9,9,7,8.333333333,CreditCard,0
14,R_2BfCkmFZGQDBOtJ,Auditory,2,32,7,3,7,5.666666667,CreditCard,0
15,R_3kLL3W1BQisyLzG,Auditory,2,26,4,4,3,3.666666667,CreditCard,0
16,R_2xRyzj70KxThu5n,Visual,1,19,6,7,7,6.666666667,CreditCard,0
17,R_1N3rhujt1k1NKWm,Auditory,1,34,5,5,1,3.666666667,CreditCard,1
18,R_3n61X85uBy5Dbqz,Auditory,1,32,4,5,5,4.666666667,CreditCard,0
19,R_3MmNMeVPFcrge8P,Visual,1,44,9,7,9,8.333333333,CreditCard,0
20,R_1Kx6KScNWPFqKPw,Visual,1,33,4,4,4,4,CreditCard,0
21,R_1JQLGBce6YBr8tl,Visual,2,22,5,5,5,5,CreditCard,0
22,R_2YLg4T6gQ1hxGdS,Auditory,2,57,8,8,5,7,CreditCard,1
23,R_w17AmL0xY3aODPX,Auditory,1,18,4,5,5,4.666666667,CreditCard,0
24,R_3qZJkqRsAo2iNlM,Auditory,1,18,6,4,6,5.333333333,CreditCard,1
25,R_1I3E3Xujw48wGMk,Visual,2,24,6,5,5,5.333333333,CreditCard,0
26,R_22o9FLVHKzQ9INO,Visual,2,22,7,7,8,7.333333333,CreditCard,0
27,R_2zHXzxOqssI5r9G,Auditory,2,59,3,3,3,3,CreditCard,0
28,R_6tcVzd7ltbF75PX,Visual,1,21,9,8,8,8.333333333,CreditCard,1
29,R_SBimuRwRtEVcD3r,Auditory,2,40,8,9,8,8.333333333,CreditCard,0
30,R_3fvETwwfIcoBzDa,Visual,2,19,9,9,9,9,CreditCard,1
31,R_9YNISyAMJAZAsTL,Visual,1,19,3,5,5,4.333333333,CreditCard,0
32,R_2X04eK7MCnmCXJx,Auditory,1,18,6,3,5,4.666666667,CreditCard,1
33,R_1Ftz2rDpXCyLmsw,Auditory,1,32,5,5,6,5.333333333,CreditCard,0
34,R_330W3Jf5sgztDJT,Auditory,1,35,6,6,6,6,CreditCard,1
35,R_1DAUGJX2XhNpUHl,Auditory,2,24,6,5,4,5,CreditCard,0
36,R_WckmXI9Efsh3UKB,Visual,2,25,9,9,9,9,CreditCard,1
37,R_1gts2F2Jq16wqRR,Visual,1,39,3,3,3,3,CreditCard,0
38,R_1GPSIBxIp7TqNHW,Auditory,1,28,8,7,7,7.333333333,CreditCard,1
39,R_viVtYMi6fbbbYMp,Auditory,1,35,7,7,6,6.666666667,CreditCard,1
40,R_3Hwvdvo3i9yfEdz,Visual,1,27,3,2,3,2.666666667,CreditCard,0
41,R_3nIzT8WzpYRzppQ,Auditory,2,20,7,8,7,7.333333333,CreditCard,1
42,R_1Nag6wdBKi14cLT,Visual,1,20,4,4,4,4,CreditCard,0
43,R_2ZIEIwrKR3tiapH,Visual,1,25,6,7,7,6.666666667,CreditCard,0
44,R_1eVLbNymm9AutVY,Visual,2,29,5,5,5,5,CreditCard,0
45,R_1rP1xur8NDBbc8y,Visual,1,27,7,6,7,6.666666667,CreditCard,0
46,R_1rk3vdV7jDF3IqV,Visual,2,18,6,7,7,6.666666667,CreditCard,1
47,R_1ge9LEO8WTy1ty9,Auditory,1,48,8,8,5,7,CreditCard,1
48,R_VP5Y3Ly3gfiBv9v,Auditory,2,19,2,4,5,3.666666667,CreditCard,0
49,R_10PoLAGqy0r9ian,Auditory,2,68,6,5,3,4.666666667,CreditCard,0
50,R_3oXZIAhMGyrd4Qf,Visual,1,41,9,9,9,9,CreditCard,0
51,R_11dMZJq9OORNrko,Auditory,2,26,7,5,3,5,CreditCard,0
52,R_2Y9yqZyHa9bwZCI,Visual,1,55,5,5,5,5,CreditCard,0
53,R_210p1f7sXA6Rmz1,Auditory,2,19,3,7,7,5.666666667,CreditCard,0
54,R_1JL23tdXV8GuoGG,Visual,1,28,6,7,5,6,CreditCard,1
55,R_1E71jA1u8wHNMuj,Auditory,2,24,2,3,4,3,CreditCard,0
56,R_STSCqMQyg7MwNep,Auditory,2,33,9,7,8,8,CreditCard,1
57,R_RsLJGGXygcadj9L,Visual,2,36,6,6,6,6,CreditCard,1
58,R_1QL3rGivXT9YDgD,Auditory,1,27,8,8,8,8,CreditCard,1
59,R_3LYK3jKjzaEn9js,Visual,1,22,5,5,4,4.666666667,CreditCard,0
60,R_3enrwDUCwgWr9kw,Auditory,2,25,4,5,5,4.666666667,CreditCard,1
61,R_a4aHKD719AlVyxj,Auditory,2,27,7,6,7,6.666666667,CreditCard,1
62,R_1NFdq5HaXsDhLZW,Auditory,2,27,8,7,8,7.666666667,CreditCard,1
63,R_1FfAuskZNmrWTNW,Visual,2,28,5,5,6,5.333333333,CreditCard,0
64,R_1FD1fLO21U89EYQ,Visual,2,30,5,6,5,5.333333333,CreditCard,0
65,R_2Ys0HD2mtcW6tbz,Visual,1,44,6,6,6,6,CreditCard,0
66,R_1rqAFcAbS4X5kMl,Auditory,2,18,7,7,6,6.666666667,CreditCard,1
67,R_2DTfzEm6oaBfsjW,Visual,1,43,7,7,8,7.333333333,CreditCard,1
68,R_3G7id5YcTk1xJls,Auditory,2,41,6,4,4,4.666666667,CreditCard,0
69,R_129GuI9by9671Sv,Visual,1,40,6,6,6,6,CreditCard,0
70,R_10pZTWSgUabTbpr,Auditory,1,35,8,8,8,8,CreditCard,1
71,R_DcbsI9riGB5xNLj,Visual,1,57,6,6,8,6.666666667,CreditCard,0
72,R_3FPrlE8WNz3aUZr,Auditory,1,26,7,7,5,6.333333333,CreditCard,1
73,R_3RlyFGefyQG1m4x,Visual,1,32,3,2,4,3,CreditCard,0
74,R_2YxO313he1f6j8g,Visual,2,19,4,4,4,4,CreditCard,1
75,R_1ovTVuWYV9RJvQ2,Auditory,2,34,6,6,6,6,CreditCard,0
76,R_6DsivtdNuKopUHv,Visual,2,30,8,5,6,6.333333333,CreditCard,0
77,R_qKQ0YPZAP23RSmJ,Auditory,1,19,5,6,6,5.666666667,CreditCard,1
78,R_1hR2qexob7bRHMZ,Visual,1,22,3,5,3,3.666666667,CreditCard,0
79,R_10UxGAUtqK1ZUIC,Visual,1,25,6,6,6,6,CreditCard,0
80,R_1Iimz6k4TveaciX,Visual,1,25,2,2,2,2,CreditCard,0
81,R_1gqmhHTvhvkNOxY,Auditory,2,46,5,5,5,5,CreditCard,0
82,R_2dipEPS33GRq3D7,Auditory,2,27,2,3,2,2.333333333,CreditCard,1
83,R_2dF20pz1BEO7tup,Auditory,2,31,4,4,3,3.666666667,CreditCard,0
84,R_3MS6x49dDLpOF1u,Visual,1,26,4,6,3,4.333333333,CreditCard,1
85,R_PtGfNG0Cuq52EtX,Auditory,1,75,6,5,3,4.666666667,CreditCard,1
86,R_Xj049ygPYOurUSB,Visual,1,35,6,6,4,5.333333333,CreditCard,0
87,R_6SDOoWH3o9KVqXT,Auditory,2,24,8,7,5,6.666666667,CreditCard,1
88,R_3g74nvMlm6liQSx,Auditory,2,55,1,1,1,1,CreditCard,0
89,R_3iClxKfc0CA9Xd6,Visual,2,19,4,5,7,5.333333333,CreditCard,0
90,R_3fqlbEtvkRK1Lbg,Visual,1,26,7,6,9,7.333333333,CreditCard,1
91,R_XMOOTWCHRgkhYch,Visual,1,25,6,6,6,6,CreditCard,0
92,R_3MGXtkcm7c8hFDX,Auditory,2,27,4,5,3,4,CreditCard,0
93,R_yyGuhEhL0rybc9r,Visual,2,37,5,5,6,5.333333333,CreditCard,0
94,R_ddqQcYp51c97AxX,Auditory,1,32,6,6,3,5,CreditCard,1
95,R_3kw9qpnFPePztVz,Auditory,2,38,4,3,3,3.333333333,CreditCard,0
96,R_3ek7d5dLCjmAYWN,Auditory,1,27,9,9,8,8.666666667,CreditCard,1
97,R_2R9Rs1alEF1Bn4n,Visual,1,29,4,6,5,5,CreditCard,0
98,R_11Xdc1g0cJ6kopZ,Auditory,1,18,8,2,2,4,CreditCard,1
99,R_2OZMWcX9sIncOVB,Visual,1,25,5,5,4,4.666666667,CreditCard,0
100,R_40K5LuEq13WSVjj,Visual,1,21,5,5,5,5,CreditCard,1
101,R_3PTvsGUeTx6DZ1s,Auditory,1,24,9,5,8,7.333333333,CreditCard,1
102,R_ST6nmN6hzsesC09,Auditory,2,37,4,3,3,3.333333333,CreditCard,0
103,R_9SPG23dVc3dm1l7,Visual,2,22,3,4,3,3.333333333,CreditCard,0
104,R_C9QYlJZzXVSCLyp,Auditory,1,40,8,8,7,7.666666667,CreditCard,1
105,R_1OHNCYcz6ya9xFo,Visual,2,30,5,5,4,4.666666667,CreditCard,0
106,R_spYt2ZYHt61YOL7,Auditory,2,28,5,6,6,5.666666667,CreditCard,0
107,R_Bxgl1pczf3jkTS1,Visual,2,35,7,7,6,6.666666667,CreditCard,0
108,R_3lGh2HDulNhyCxS,Visual,2,22,7,5,3,5,CreditCard,0
109,R_1l0skb2DdYR61X5,Auditory,2,30,3,4,3,3.333333333,CreditCard,0
110,R_1JQNvQzEgBsMMQC,Visual,2,21,4,4,1,3,CreditCard,1
111,R_3dWXonRPar85bi9,Auditory,2,29,7,6,5,6,CreditCard,1
112,R_2Ym4FaJIQbPjMKi,Visual,1,56,4,4,4,4,CreditCard,0
113,R_1I4xqAj1ToKyWet,Visual,2,26,7,6,6,6.333333333,CreditCard,0
114,R_3pth7kHifkeT1zM,Auditory,1,26,4,4,3,3.666666667,CreditCard,0
115,R_10Vou4yr3DYFi7X,Visual,1,41,2,6,4,4,CreditCard,0
116,R_2WVh0y5Xt7Qq829,Auditory,1,32,7,8,5,6.666666667,CreditCard,0
117,R_W7dwyHPSHsvHyoN,Auditory,1,33,3,3,5,3.666666667,CreditCard,0
118,R_2qDXNVSAcklQCa3,Visual,2,40,7,7,7,7,CreditCard,0
119,R_1CC4FES3v0nAjOS,Auditory,2,32,5,5,5,5,CreditCard,0
120,R_1CDgW1vSW4dLRvd,Visual,1,29,6,6,8,6.666666667,CreditCard,0
121,R_3PH3aWp1N8CkZ7O,Visual,2,41,3,5,4,4,CreditCard,0
122,R_3DpU9rzpKOsABY5,Auditory,2,35,5,3,3,3.666666667,CreditCard,0
123,R_1NsRN12BFqoVzIK,Visual,1,37,5,5,6,5.333333333,CreditCard,1
124,R_D1ArnCyQc2SzCYV,Auditory,2,23,7,6,6,6.333333333,CreditCard,0
125,R_2q8yB8SaUAmnk9K,Visual,1,28,5,5,5,5,CreditCard,1
126,R_2aDzX8NaJejLRg0,Auditory,1,24,6,5,5,5.333333333,CreditCard,0
127,R_3RxrK77FgBYnfCW,Visual,1,33,3,3,4,3.333333333,CreditCard,0
128,R_3J1VgbNTeISUBDW,Visual,2,28,3,4,5,4,CreditCard,0
129,R_1jKcdHe5qlfgGoF,Auditory,2,24,6,7,7,6.666666667,CreditCard,0
130,R_WuRtbrOCY6egqm5,Auditory,1,37,5,5,4,4.666666667,CreditCard,0
131,R_1OVwBwWELRgwAyh,Visual,2,51,4,6,6,5.333333333,CreditCard,0
132,R_ZKQqWxgIyYZm3hn,Auditory,1,21,3,1,1,1.666666667,CreditCard,0
133,R_26aLC8QXnTt1anH,Auditory,2,34,2,5,5,4,CreditCard,0
134,R_OcWFdUpZVsdQbnP,Auditory,1,24,5,5,5,5,CreditCard,0
135,R_1DU3G81jNMBzMVJ,Visual,2,19,5,6,6,5.666666667,CreditCard,1
136,R_3mfxsQeQMZ0A32s,Auditory,1,25,6,6,5,5.666666667,CreditCard,1
137,R_uqtXLf5F2Vo073H,Visual,2,54,5,5,5,5,CreditCard,0
138,R_3nrr74EWgOlOmRt,Auditory,1,30,6,5,4,5,CreditCard,0
139,R_3QPEYLl5HSJfUu1,Auditory,2,26,6,5,2,4.333333333,CreditCard,0
140,R_2uqQMIvIwtAO4GB,Auditory,1,43,7,8,6,7,CreditCard,0
141,R_2sWMYlsFEvbVLwi,Visual,1,28,2,3,2,2.333333333,CreditCard,0
142,R_3gMK7cfyAIuS93J,Auditory,2,20,7,6,5,6,CreditCard,1
143,R_30r9R4btvwQ7wQF,Auditory,2,28,6,5,3,4.666666667,CreditCard,1
144,R_sj3MCr3QAwBMnSx,Visual,1,44,7,8,8,7.666666667,CreditCard,0
145,R_r85edC2og2jCFgt,Visual,1,20,5,4,5,4.666666667,CreditCard,0
146,R_1QrOeCRka57K3Fa,Visual,2,61,7,8,8,7.666666667,CreditCard,1
147,R_2fDJhUkrpJgGU22,Visual,1,23,5,6,3,4.666666667,CreditCard,0
148,R_2QWjD3OqsMlgtEp,Auditory,1,57,6,6,5,5.666666667,CreditCard,0
149,R_1n0DBt3OabEuCrq,Auditory,1,51,6,6,5,5.666666667,CreditCard,0
150,R_0B1djZXLgse1gSR,Auditory,2,24,5,6,7,6,CreditCard,1
151,R_2WDqrF3lQ9KRCKJ,Visual,2,28,6,6,7,6.333333333,CreditCard,0
152,R_2ruOHdtIdvT2RSb,Auditory,1,65,8,8,8,8,CreditCard,1
153,R_3O85blvyD2GTlSJ,Auditory,2,21,6,7,5,6,CreditCard,0
154,R_1OOk8zN3dJA8WlF,Visual,1,54,6,6,5,5.666666667,CreditCard,0
155,R_3mkOh98pnI0z9gn,Visual,2,30,7,7,7,7,CreditCard,0
156,R_1LMNTwSFjecajp6,Visual,1,27,2,5,3,3.333333333,CreditCard,0
157,R_1pDpa5AsJQuCOCK,Auditory,2,23,3,2,2,2.333333333,CreditCard,0
158,R_1i4esnGsyy4jHxN,Visual,2,26,7,7,8,7.333333333,CreditCard,0
159,R_1C1KOF1aEdIhQa0,Auditory,2,29,4,5,5,4.666666667,CreditCard,0
160,R_3lEVUoRkgn1j4Rb,Visual,1,20,4,5,4,4.333333333,CreditCard,0
161,R_2yshMalP4Y9Ie6x,Visual,2,30,9,7,5,7,CreditCard,1
162,R_2y72t7TFcX7iqxY,Visual,1,27,2,3,3,2.666666667,CreditCard,0
163,R_2OTFPVVqa5AXPFA,Auditory,1,41,5,5,5,5,CreditCard,1
164,R_2t35SHfRfXtq3D2,Visual,1,27,4,5,5,4.666666667,CreditCard,0
165,R_r9HegcG2KqgvFD3,Visual,2,24,8,8,9,8.333333333,CreditCard,1
166,R_1mmlFE0VEarcXBM,Visual,2,32,8,8,7,7.666666667,CreditCard,1
167,R_2uCnLHcn0k9hB5a,Visual,1,30,6,7,6,6.333333333,CreditCard,1
168,R_123lAMmRNkFX0IH,Visual,1,21,4,5,6,5,CreditCard,0
169,R_11ZoanF3XJsVyKk,Visual,1,44,5,7,7,6.333333333,CreditCard,1
170,R_27Ek1gWyMtz5Gpp,Auditory,1,34,2,3,2,2.333333333,CreditCard,0
171,R_UQhzmCsWIZnHiUh,Auditory,2,49,3,2,1,2,CreditCard,1
172,R_wRBfJnYKPqUFqtX,Visual,1,22,6,6,5,5.666666667,CreditCard,0
173,R_0BXZxJncX8EWh2N,Auditory,2,37,6,6,6,6,CreditCard,0
174,R_1CjZb4mrvauE9Rx,Auditory,2,52,5,5,5,5,CreditCard,0
175,R_sYltHAiDg8fBZtv,Auditory,2,31,5,5,3,4.333333333,CreditCard,0
176,R_25Lcs1sWUE2gz0I,Auditory,1,39,7,5,2,4.666666667,CreditCard,0
177,R_3gToHP7QCOn0fRG,Visual,2,46,5,5,3,4.333333333,CreditCard,0
178,R_3KJDtvrxlYzhdBB,Auditory,1,59,8,8,5,7,CreditCard,0
179,R_3ELpw9S3bsMZ3xj,Visual,2,21,6,5,6,5.666666667,CreditCard,0
180,R_2Cp579ZcqMekCco,Visual,1,18,6,6,6,6,CreditCard,0
181,R_2aQySJpz2KBzC1q,Visual,2,47,4,4,5,4.333333333,CreditCard,0
182,R_vIHHl7k2N9MLaHD,Auditory,1,58,6,6,4,5.333333333,CreditCard,0
183,R_DnSbLn4PLMARARz,Visual,1,32,5,5,5,5,CreditCard,0
184,R_3ozlB2hpqwnSict,Auditory,1,49,7,7,7,7,CreditCard,0
185,R_3qPRu70hlV7sbM1,Visual,2,26,7,6,6,6.333333333,CreditCard,0
186,R_1jTygjXiI3wynvA,Auditory,2,20,5,4,9,6,CreditCard,0
187,R_3JrPYY8wSIkuOKA,Visual,2,21,9,9,9,9,CreditCard,0
188,R_2aytSaNOtm8JCjy,Auditory,2,22,5,5,5,5,CreditCard,0
189,R_1NleEwcumkhEMFk,Auditory,1,24,6,7,6,6.333333333,CreditCard,1
190,R_5aw80WEBtcT5avL,Auditory,1,33,6,5,4,5,CreditCard,0
191,R_2VkapX86E2OWQp7,Visual,2,34,2,5,5,4,CreditCard,0
192,R_1fkfQ3QzJC4t8e8,Auditory,2,33,5,1,2,2.666666667,CreditCard,0
193,R_2tA80Bg1wGJpm2z,Auditory,1,25,7,7,6,6.666666667,CreditCard,1
194,R_usKEMYIJzLIanC1,Auditory,1,44,5,4,4,4.333333333,CreditCard,0
195,R_3TVaM9pWWLX5QCR,Visual,2,35,8,8,9,8.333333333,CreditCard,0
196,R_0koFadFu2dQdIVH,Auditory,1,20,5,5,4,4.666666667,CreditCard,1
197,R_ezmmGABxAnIDg89,Visual,1,19,6,5,4,5,CreditCard,0
198,R_2V1JfNl3ENdzgOu,Visual,2,41,5,5,5,5,CreditCard,0
199,R_2WZieJpF8SgdrL8,Auditory,2,21,7,5,7,6.333333333,CreditCard,1
200,R_2RQdyjE25hltiP4,Auditory,2,34,1,1,1,1,CreditCard,0
201,R_3hu0KJidqAIHdPQ,Visual,2,26,7,3,3,4.333333333,CreditCard,0
202,R_3maXxIGvjHJ5xJY,Visual,1,44,7,7,7,7,CreditCard,1
203,R_2TQTZyFoSP3r8vB,Auditory,1,47,4,4,4,4,CreditCard,1
204,R_23fchg2VSZLGSlE,Visual,1,42,9,7,8,8,CreditCard,1
205,R_1pGWfaJGruQKolq,Visual,1,38,4,5,3,4,CreditCard,0
206,R_3k7mP9IqJMtXvYZ,Auditory,2,45,5,5,5,5,CreditCard,1
207,R_1lnPYkQ5l7nJxmI,Auditory,2,32,9,9,1,6.333333333,CreditCard,1
208,R_USInqQGroSd3Txf,Auditory,1,37,2,2,2,2,CreditCard,0
209,R_12uwgtwsK7GsezB,Auditory,2,52,8,8,8,8,CreditCard,0
210,R_BXqZsmbuVlgbSKt,Visual,2,33,9,9,9,9,CreditCard,1
211,R_1DU0UqVo6dQSGzF,Auditory,1,19,4,4,7,5,CreditCard,1
212,R_2w4viG8KN9k2ayn,Visual,1,36,5,5,5,5,CreditCard,0
213,R_2doms7LF3ypnUoy,Visual,2,20,3,5,3,3.666666667,CreditCard,0
214,R_2PkeNMmAkfCKaHO,Auditory,2,43,7,7,7,7,CreditCard,0
215,R_3Ky0BvTReiwmxhy,Visual,1,22,4,4,8,5.333333333,CreditCard,1
216,R_3KBWFeBiSkHryLq,Auditory,1,44,6,4,4,4.666666667,CreditCard,0
217,R_3NSRdWmm0MklFK1,Visual,2,30,5,5,7,5.666666667,CreditCard,0
218,R_Q5GKNQeZLUHJChz,Visual,1,26,7,6,6,6.333333333,CreditCard,0
219,R_ONAaupLDo7n5AwF,Auditory,2,35,5,6,1,4,CreditCard,0
220,R_1gelF4XZcFwgdxB,Visual,1,23,7,7,7,7,CreditCard,1
221,R_Y5ZIO4qXTGxgRRD,Auditory,2,29,6,4,5,5,CreditCard,0
222,R_71fB75IHp7FyLOF,Visual,2,28,5,5,5,5,CreditCard,0
223,R_eFM6HE3DDAhJ8wp,Auditory,2,21,6,7,3,5.333333333,CreditCard,0
224,R_1C2dldCP1WUlIvw,Visual,1,18,5,5,5,5,CreditCard,0
225,R_2BfcB74BhNHtLeP,Auditory,2,30,3,5,4,4,CreditCard,0
226,R_2vdmswQPOYZLgKk,Auditory,1,68,5,5,5,5,CreditCard,0
227,R_brw6ztCMTTVCow1,Visual,1,25,5,4,5,4.666666667,CreditCard,0
228,R_3kERbDLXsaKUOXE,Auditory,1,41,3,5,5,4.333333333,CreditCard,0
229,R_27VWk9YJRp278u0,Auditory,2,31,3,5,3,3.666666667,CreditCard,0
230,R_3Op0MKaHVhhZyTO,Visual,1,38,6,5,6,5.666666667,CreditCard,0
231,R_yrwZsoVaO7AX89b,Visual,1,41,7,7,6,6.666666667,CreditCard,0
232,R_1F2Fseq9ZML0LCz,Visual,1,31,7,7,7,7,CreditCard,0
233,R_3q8qGFGtmqt5i2I,Auditory,1,25,6,5,5,5.333333333,CreditCard,0
234,R_p6kduaRfOSKsxaN,Auditory,1,31,7,7,7,7,CreditCard,1
235,R_3fK1WmgiR5g0VX6,Auditory,1,56,8,8,8,8,CreditCard,1
236,R_sHGOuYGsX7RkyhH,Auditory,2,29,4,5,4,4.333333333,CreditCard,0
237,R_2ipVdJnbDXDN6uZ,Auditory,2,29,9,9,9,9,CreditCard,1
238,R_1GDeHUMb7m5qgCK,Visual,2,33,8,8,8,8,CreditCard,0
239,R_2zunKHRKusVZupW,Visual,2,36,5,5,5,5,CreditCard,0
240,R_3et5y1Bp3e4siwd,Visual,1,19,5,5,4,4.666666667,CreditCard,1
241,R_2q7YDxEuholuIQl,Auditory,2,25,9,9,9,9,CreditCard,1
242,R_3PuIyzj2LRGKTF4,Auditory,2,68,5,5,5,5,CreditCard,1
243,R_yVh1dnt65T4sTfz,Auditory,2,51,6,6,4,5.333333333,CreditCard,1
244,R_21zyXC5PZzwTvxB,Visual,1,28,3,4,2,3,CreditCard,0
245,R_1ocDnDnCuELxMeu,Auditory,1,24,7,7,9,7.666666667,CreditCard,0
246,R_1qb1l0eXNbtXs8s,Visual,2,33,4,5,4,4.333333333,CreditCard,0
247,R_1gkDZ1h8IgLBo0v,Visual,1,18,1,5,3,3,CreditCard,0
248,R_240nY7d1ToFcugA,Visual,2,27,7,7,7,7,CreditCard,0
249,R_30c2RnuUa10SFlM,Auditory,1,30,3,5,2,3.333333333,CreditCard,0
250,R_1k2nftjObMliUjI,Visual,1,19,7,7,8,7.333333333,CreditCard,1
251,R_3lrIZJeiDKXRwI7,Visual,1,36,6,8,5,6.333333333,CreditCard,1
252,R_3lQtsSKEyBVnLdW,Auditory,2,43,6,5,5,5.333333333,CreditCard,1
253,R_3mdUz5mUSp4HtOR,Visual,2,20,7,5,5,5.666666667,CreditCard,0
254,R_1erV5oQYnYepRYU,Auditory,2,46,5,5,5,5,CreditCard,1
255,R_1mq3bQNz1ovBWRq,Visual,1,33,7,6,7,6.666666667,CreditCard,0
256,R_22Yr2NCIFcIhbo1,Visual,1,21,5,6,4,5,CreditCard,0
257,R_0ihdP3hbI2Au7YJ,Visual,1,46,3,3,3,3,CreditCard,0
258,R_vktPIwEskvI2mSB,Auditory,1,27,3,3,3,3,CreditCard,0
259,R_2WMzbf0J2MFwWnR,Visual,2,32,6,7,6,6.333333333,CreditCard,0
260,R_Rzc0vXLBElj7OjD,Auditory,1,20,6,7,7,6.666666667,CreditCard,1
261,R_2ZCAlatOcM5Vbmu,Visual,1,64,6,5,1,4,CreditCard,0
262,R_2EieplRtLgGPJtR,Auditory,2,29,7,7,4,6,CreditCard,0
263,R_OQcVhT8l3Wb0V7r,Auditory,1,23,7,8,4,6.333333333,CreditCard,0
264,R_2RPRKXJC2Qi3sbl,Auditory,2,33,7,7,6,6.666666667,CreditCard,1
265,R_29M42LjlQvcq72V,Auditory,2,26,9,9,9,9,CreditCard,1
266,R_wZPaE0tKf502Dbb,Auditory,1,22,3,3,5,3.666666667,CreditCard,1
267,R_2BnW0iBtWtZSk38,Visual,2,19,8,8,7,7.666666667,CreditCard,0
268,R_1ghWK5xioSHk384,Visual,2,62,5,5,5,5,CreditCard,0
269,R_3WS7WeCuzDNeZNf,Auditory,1,21,6,5,4,5,CreditCard,0
270,R_43kaOMLeiG7DNO9,Visual,1,27,8,8,4,6.666666667,CreditCard,1
271,R_tSw3FCdDdjFhdAd,Auditory,1,59,7,7,7,7,CreditCard,1
272,R_3PcxXoN4KOpamIy,Auditory,1,45,6,5,5,5.333333333,CreditCard,0
273,R_vOHGfpDzYVjgm41,Visual,1,27,8,8,8,8,CreditCard,1
274,R_1n2cPw1C4KClDn0,Visual,2,50,5,5,7,5.666666667,CreditCard,0
275,R_2ckNXhG0o0St75y,Visual,1,45,2,2,2,2,CreditCard,0
276,R_2DZCRtpJnX5Ah9o,Visual,2,49,3,4,4,3.666666667,CreditCard,0
277,R_28SfbeVwK2WqRQK,Auditory,2,21,4,5,6,5,CreditCard,1
278,R_1n0zu92DrqpYgct,Auditory,2,20,7,7,6,6.666666667,CreditCard,1
279,R_1mr73QlFtWQ6K3A,Visual,1,38,3,5,2,3.333333333,CreditCard,0
280,R_0jtzWpZ52eH7jdT,Visual,2,27,9,9,9,9,CreditCard,1
281,R_3ni8Bq4u3hLoL6C,Visual,1,36,6,6,5,5.666666667,CreditCard,1
282,R_11X8Za5JXum2ip0,Auditory,1,55,5,5,3,4.333333333,CreditCard,1
283,R_2wt6ukFLtsr3cnN,Auditory,2,26,6,5,5,5.333333333,CreditCard,0
284,R_riPvb08D3Gu8o5H,Auditory,2,21,9,7,9,8.333333333,CreditCard,1
285,R_1HpKURVrXkcrhdR,Auditory,2,28,5,5,5,5,CreditCard,0
286,R_2YnvsI7OWmL9sHL,Visual,1,42,7,7,7,7,CreditCard,1
287,R_D1TW6knMf1hPCUx,Auditory,1,22,7,5,3,5,CreditCard,0
288,R_1K46FGEOMbfEELT,Auditory,1,47,3,3,2,2.666666667,CreditCard,0
289,R_1CyKc5RKiVLsoYW,Visual,2,25,6,6,5,5.666666667,CreditCard,0
290,R_10TS3AyFUfmp2hr,Auditory,1,18,9,4,1,4.666666667,CreditCard,0
291,R_3foZGT2UaAyKYv4,Auditory,2,73,2,1,2,1.666666667,CreditCard,0
292,R_3s0nKchdwAnSoKk,Visual,2,39,7,7,7,7,CreditCard,0
293,R_3kq7L6WQ1Y8uFI6,Visual,2,43,9,8,6,7.666666667,CreditCard,0
294,R_23fvzwL1VZNa8Hn,Visual,3,21,5,5,5,5,CreditCard,1
295,R_1onglgkrPqODgm5,Auditory,1,32,7,4,5,5.333333333,CreditCard,1
296,R_2qe19Cq8txvASa3,Visual,1,42,7,7,7,7,CreditCard,0
297,R_3O0kZEJzF8gqs9s,Visual,1,26,6,6,5,5.666666667,CreditCard,1
298,R_bNk57weSiBv5dzb,Visual,2,37,9,9,7,8.333333333,CreditCard,0
299,R_1H8NmcKmVpCkqQS,Auditory,2,51,4,5,5,4.666666667,CreditCard,0
300,R_2RPsKYbtTBiS6bH,Visual,1,26,4,5,4,4.333333333,CreditCard,0
301,R_3O819rCZ75K24Vq,Visual,1,18,7,5,6,6,CreditCard,0
302,R_2v1SGNM2d8T3Vgt,Visual,2,25,9,9,9,9,CreditCard,0
303,R_yw06ZkdOxjcp6yR,Visual,2,42,8,8,8,8,CreditCard,0
304,R_2rTViSAoesYMIac,Visual,2,18,7,7,7,7,CreditCard,1
305,R_2R4gHXFtStNrmT5,Auditory,2,56,3,3,3,3,CreditCard,0
306,R_2mzsgDfYYMiPuyB,Auditory,1,20,6,7,4,5.666666667,CreditCard,1
307,R_324vU1p0DwC6YoI,Auditory,2,33,6,6,6,6,CreditCard,0
308,R_3PN49AV5kXxCPRF,Auditory,1,26,6,7,6,6.333333333,CreditCard,1
309,R_2dFOjiREMSMk4u9,Auditory,1,24,2,2,3,2.333333333,CreditCard,0
310,R_3MKA9EZQwpOp0xO,Auditory,2,53,3,3,3,3,CreditCard,1
311,R_264MrkGyvydhNzo,Auditory,1,41,6,6,6,6,CreditCard,1
312,R_3P6PfKUbR20yGTn,Visual,1,24,5,4,5,4.666666667,CreditCard,0
313,R_3MiIjwZ0w85505z,Visual,2,46,6,5,6,5.666666667,CreditCard,0
314,R_33e8mBeu5nyo47N,Auditory,1,37,4,4,4,4,CreditCard,0
315,R_2wgKAhNTQoqxjUG,Auditory,1,19,4,4,4,4,CreditCard,0
316,R_2Yri6UDrrAEzz5Y,Auditory,1,28,8,5,5,6,CreditCard,1
317,R_3Nwl4Ys4SNi51cR,Auditory,1,44,3,3,4,3.333333333,CreditCard,0
318,R_1mUgVFbhKvausbr,Visual,2,19,6,4,3,4.333333333,CreditCard,0
319,R_1qfgkVGT7YYLEVI,Visual,2,52,4,8,6,6,CreditCard,0
320,R_30oXrBhrQKWCy03,Visual,1,52,5,5,5,5,CreditCard,0
321,R_3m1Ynt0wF7eC67a,Visual,2,26,9,9,9,9,CreditCard,0
322,R_cwEJ4dbEWM9eEtr,Auditory,1,32,6,5,5,5.333333333,CreditCard,0
323,R_2dL04XtJJCJWi2w,Auditory,2,23,6,7,6,6.333333333,CreditCard,0
324,R_2R4xfCh8sR5RPin,Visual,1,21,7,6,7,6.666666667,CreditCard,0
325,R_1IMISbaUR54aaD4,Auditory,1,72,7,7,6,6.666666667,CreditCard,1
326,R_O1qCDCLO3uuN9ER,Visual,1,53,6,6,6,6,CreditCard,0
327,R_1dmZLucTGjJlZUJ,Auditory,2,40,5,1,5,3.666666667,CreditCard,0
328,R_YbLZy0RuCkPquv7,Auditory,1,51,5,3,3,3.666666667,CreditCard,0
329,R_2WSdcM3PLjAi4aq,Auditory,1,26,6,4,4,4.666666667,CreditCard,1
330,R_aVks7VjarwlDOA9,Visual,2,54,7,7,7,7,CreditCard,0
331,R_2R8icqi5vXDXwvf,Visual,1,21,7,6,7,6.666666667,CreditCard,0
332,R_2TZXlcQQtx98YNP,Auditory,1,29,4,3,6,4.333333333,CreditCard,0
333,R_3338PDm5z8NcW5N,Auditory,2,51,2,3,1,2,CreditCard,0
334,R_3k4BCPyqJFqGuAQ,Auditory,1,66,3,5,3,3.666666667,CreditCard,1
335,R_2ZCWXDr0qJFF1uh,Auditory,1,54,3,5,5,4.333333333,CreditCard,0
336,R_1ilejStXMdBhx1E,Visual,2,51,5,7,4,5.333333333,CreditCard,0
337,R_3DqIyWYrYPOdUK8,Auditory,1,32,7,7,7,7,CreditCard,1
338,R_1feBndJPEeM0Y0Y,Visual,2,58,7,7,6,6.666666667,CreditCard,0
339,R_RJEHuuSbDXkZjAB,Visual,1,43,5,6,4,5,CreditCard,0
340,R_2tMv6mRIhezt7CD,Auditory,1,45,5,1,1,2.333333333,CreditCard,0
341,R_22raUoY119y3ktE,Auditory,1,38,4,3,2,3,CreditCard,1
342,R_29obQhZ48nIYIE1,Visual,2,31,7,7,8,7.333333333,CreditCard,0
343,R_3ipYQFoXdYjMkmm,Visual,2,26,7,7,7,7,CreditCard,0
344,R_RgdHgbvyC3szQfD,Auditory,1,32,7,7,6,6.666666667,CreditCard,0
345,R_3e3k4i5cMyfdXXR,Visual,2,47,6,7,6,6.333333333,CreditCard,0
346,R_UsZH5g09wIL1SQ9,Auditory,1,68,3,6,5,4.666666667,CreditCard,0
347,R_2fwg9QccOgzKLg8,Visual,1,24,4,5,5,4.666666667,CreditCard,0
348,R_3MtfEn1apWsotho,Visual,1,40,5,5,6,5.333333333,CreditCard,0
349,R_2SfqNaklzRFShJW,Auditory,2,26,3,4,3,3.333333333,CreditCard,0
350,R_1mJGPEp4pnXBa3a,Visual,2,63,5,4,6,5,CreditCard,1
351,R_2sYA9a1jPrNq0zg,Visual,1,30,7,7,5,6.333333333,CreditCard,0
352,R_2Ep0jauqfMaC8R0,Auditory,1,27,7,5,3,5,CreditCard,0
353,R_2uU5KfppomPUn3y,Visual,1,33,2,2,1,1.666666667,CreditCard,0
354,R_Wc8xASjY3dhumZ3,Auditory,1,38,7,7,5,6.333333333,CreditCard,0
355,R_xtjnJkanp5BTVUR,Visual,1,30,6,6,4,5.333333333,CreditCard,0
356,R_ZEQyyCeddNIpnih,Visual,2,29,3,3,2,2.666666667,CreditCard,0
357,R_YS5g28Ptcs9RFo5,Visual,2,26,4,5,3,4,CreditCard,0
358,R_40BG848BKycpDW1,Auditory,2,51,3,5,3,3.666666667,CreditCard,0
359,R_3oLVFsjMsXpD3tk,Visual,1,30,6,7,8,7,CreditCard,0
360,R_3HpgicV8p9rXGNb,Visual,2,38,5,5,5,5,CreditCard,0
361,R_3fK7YwUwyl95WQs,Auditory,1,18,5,5,3,4.333333333,CreditCard,0
362,R_2R96SXKDEjX0pLt,Auditory,2,18,4,5,4,4.333333333,CreditCard,0
363,R_3n6oUUs5iO5nsKO,Auditory,2,56,7,6,6,6.333333333,CreditCard,0
364,R_1hAy7yfWQsGhYuo,Visual,1,23,8,8,7,7.666666667,CreditCard,1
365,R_SOD6bNr2QM9jUHv,Auditory,1,22,6,5,4,5,CreditCard,0
366,R_OjSZfDE7OBqrdgB,Visual,2,48,1,5,1,2.333333333,CreditCard,0
367,R_29bQxFZxPxG746P,Auditory,1,29,6,7,6,6.333333333,CreditCard,1
368,R_ZxTdpN9ooVmG4KZ,Auditory,2,62,6,6,5,5.666666667,CreditCard,0
369,R_1HcykyOUoI464jK,Auditory,2,43,1,1,1,1,CreditCard,0
370,R_1qh4ekbhUvGH6ad,Auditory,2,21,3,5,5,4.333333333,CreditCard,1
371,R_3shmaMPMQFDkp2i,Auditory,2,31,5,2,2,3,CreditCard,0
372,R_3ipNYl70oUXaWfj,Auditory,1,27,6,5,5,5.333333333,CreditCard,0
373,R_120bD4VtWiO2hBk,Visual,1,31,5,5,5,5,CreditCard,0
374,R_uyquEgwvz9E0kil,Visual,1,25,8,8,8,8,CreditCard,0
375,R_sH8TkcywQ3A7ryh,Visual,2,43,5,5,5,5,CreditCard,0
376,R_2Sw65hhRbVqzgQP,Visual,2,69,5,7,3,5,CreditCard,1
377,R_1q51DMAfmat5eSM,Visual,2,22,6,6,4,5.333333333,CreditCard,0
378,R_1HibILsyjhItoM9,Auditory,1,36,5,5,5,5,CreditCard,0
379,R_2c27Fzm396hXsde,Visual,2,44,5,6,6,5.666666667,CreditCard,0
380,R_095xf3sHSUDZMgV,Auditory,1,24,6,5,4,5,CreditCard,0
381,R_2RaA3ucC69q6jaX,Auditory,2,33,5,6,7,6,CreditCard,1
382,R_xnFncZgu2UsaEZb,Visual,1,37,6,6,7,6.333333333,CreditCard,0
383,R_1q2hWdhV1mnp91c,Visual,2,34,6,6,6,6,CreditCard,1
384,R_przHuOvhhGV5VeN,Auditory,2,31,5,5,3,4.333333333,CreditCard,0
385,R_1Lnj51D5n7e7yqN,Auditory,2,59,8,7,5,6.666666667,CreditCard,1
386,R_3ilo3S2mZwaGk38,Visual,2,54,5,5,5,5,CreditCard,0
387,R_3MEklDnJ2wbWxd8,Visual,1,55,7,7,5,6.333333333,CreditCard,0
388,R_1nZmtKiFNb6jb38,Auditory,2,36,5,5,5,5,CreditCard,1
389,R_12KAigVbfBdOvDD,Visual,2,20,5,5,5,5,CreditCard,0
390,R_27UsoDmXy0eQSIs,Visual,2,41,5,5,5,5,CreditCard,0
391,R_2rTI2UHq4kKg65y,Visual,2,35,5,6,6,5.666666667,CreditCard,1
392,R_RgEdb4lE5U1Q3zH,Auditory,2,31,1,2,1,1.333333333,CreditCard,0
393,R_3PzpU9o2gxkAAnl,Visual,2,33,6,5,7,6,CreditCard,0
394,R_2YxM5Z2ykVvhjUY,Auditory,1,42,5,4,4,4.333333333,Beer,1
395,R_2ea3ElcjT0YlUYZ,Auditory,2,28,8,7,7,7.333333333,Beer,0
396,R_1IKwHgKpp7FZINx,Visual,2,34,6,6,6,6,Beer,1
397,R_qPdZEPblOw42JHj,Auditory,1,28,7,7,7,7,Beer,1
398,R_3Mb4OjDgaQD1kbD,Visual,2,46,8,8,8,8,Beer,0
399,R_2qwOoroF4bt2LA4,Visual,1,21,4,5,4,4.333333333,Beer,0
400,R_1P0JAmdEz4SzI8f,Auditory,2,24,8,6,7,7,Beer,1
401,R_efTRpLG6IdnkwvL,Visual,2,29,6,6,5,5.666666667,Beer,0
402,R_22M7u8UK82jqIY8,Auditory,1,64,6,5,5,5.333333333,Beer,0
403,R_2104w0w1awHaAIi,Visual,2,26,3,5,6,4.666666667,Beer,0
404,R_3NKTOlPWndypDZH,Auditory,2,30,7,6,3,5.333333333,Beer,1
405,R_1nVipWogqD6bY16,Visual,1,49,6,7,3,5.333333333,Beer,1
406,R_3Rh1sVJHmDgRtqo,Visual,1,19,9,9,7,8.333333333,Beer,1
407,R_2BfCkmFZGQDBOtJ,Auditory,2,32,7,3,7,5.666666667,Beer,0
408,R_3kLL3W1BQisyLzG,Auditory,2,26,4,4,3,3.666666667,Beer,0
409,R_2xRyzj70KxThu5n,Visual,1,19,6,7,7,6.666666667,Beer,0
410,R_1N3rhujt1k1NKWm,Auditory,1,34,5,5,1,3.666666667,Beer,1
411,R_3n61X85uBy5Dbqz,Auditory,1,32,4,5,5,4.666666667,Beer,0
412,R_3MmNMeVPFcrge8P,Visual,1,44,9,7,9,8.333333333,Beer,0
413,R_1Kx6KScNWPFqKPw,Visual,1,33,4,4,4,4,Beer,0
414,R_1JQLGBce6YBr8tl,Visual,2,22,5,5,5,5,Beer,0
415,R_2YLg4T6gQ1hxGdS,Auditory,2,57,8,8,5,7,Beer,1
416,R_w17AmL0xY3aODPX,Auditory,1,18,4,5,5,4.666666667,Beer,1
417,R_3qZJkqRsAo2iNlM,Auditory,1,18,6,4,6,5.333333333,Beer,1
418,R_1I3E3Xujw48wGMk,Visual,2,24,6,5,5,5.333333333,Beer,0
419,R_22o9FLVHKzQ9INO,Visual,2,22,7,7,8,7.333333333,Beer,0
420,R_2zHXzxOqssI5r9G,Auditory,2,59,3,3,3,3,Beer,0
421,R_6tcVzd7ltbF75PX,Visual,1,21,9,8,8,8.333333333,Beer,1
422,R_SBimuRwRtEVcD3r,Auditory,2,40,8,9,8,8.333333333,Beer,0
423,R_3fvETwwfIcoBzDa,Visual,2,19,9,9,9,9,Beer,1
424,R_9YNISyAMJAZAsTL,Visual,1,19,3,5,5,4.333333333,Beer,0
425,R_2X04eK7MCnmCXJx,Auditory,1,18,6,3,5,4.666666667,Beer,1
426,R_1Ftz2rDpXCyLmsw,Auditory,1,32,5,5,6,5.333333333,Beer,1
427,R_330W3Jf5sgztDJT,Auditory,1,35,6,6,6,6,Beer,1
428,R_1DAUGJX2XhNpUHl,Auditory,2,24,6,5,4,5,Beer,1
429,R_WckmXI9Efsh3UKB,Visual,2,25,9,9,9,9,Beer,1
430,R_1gts2F2Jq16wqRR,Visual,1,39,3,3,3,3,Beer,0
431,R_1GPSIBxIp7TqNHW,Auditory,1,28,8,7,7,7.333333333,Beer,1
432,R_viVtYMi6fbbbYMp,Auditory,1,35,7,7,6,6.666666667,Beer,1
433,R_3Hwvdvo3i9yfEdz,Visual,1,27,3,2,3,2.666666667,Beer,1
434,R_3nIzT8WzpYRzppQ,Auditory,2,20,7,8,7,7.333333333,Beer,1
435,R_1Nag6wdBKi14cLT,Visual,1,20,4,4,4,4,Beer,0
436,R_2ZIEIwrKR3tiapH,Visual,1,25,6,7,7,6.666666667,Beer,1
437,R_1eVLbNymm9AutVY,Visual,2,29,5,5,5,5,Beer,1
438,R_1rP1xur8NDBbc8y,Visual,1,27,7,6,7,6.666666667,Beer,0
439,R_1rk3vdV7jDF3IqV,Visual,2,18,6,7,7,6.666666667,Beer,1
440,R_1ge9LEO8WTy1ty9,Auditory,1,48,8,8,5,7,Beer,1
441,R_VP5Y3Ly3gfiBv9v,Auditory,2,19,2,4,5,3.666666667,Beer,0
442,R_10PoLAGqy0r9ian,Auditory,2,68,6,5,3,4.666666667,Beer,0
443,R_3oXZIAhMGyrd4Qf,Visual,1,41,9,9,9,9,Beer,0
444,R_11dMZJq9OORNrko,Auditory,2,26,7,5,3,5,Beer,1
445,R_2Y9yqZyHa9bwZCI,Visual,1,55,5,5,5,5,Beer,0
446,R_210p1f7sXA6Rmz1,Auditory,2,19,3,7,7,5.666666667,Beer,0
447,R_1JL23tdXV8GuoGG,Visual,1,28,6,7,5,6,Beer,1
448,R_1E71jA1u8wHNMuj,Auditory,2,24,2,3,4,3,Beer,0
449,R_STSCqMQyg7MwNep,Auditory,2,33,9,7,8,8,Beer,1
450,R_RsLJGGXygcadj9L,Visual,2,36,6,6,6,6,Beer,1
451,R_1QL3rGivXT9YDgD,Auditory,1,27,8,8,8,8,Beer,1
452,R_3LYK3jKjzaEn9js,Visual,1,22,5,5,4,4.666666667,Beer,0
453,R_3enrwDUCwgWr9kw,Auditory,2,25,4,5,5,4.666666667,Beer,1
454,R_a4aHKD719AlVyxj,Auditory,2,27,7,6,7,6.666666667,Beer,1
455,R_1NFdq5HaXsDhLZW,Auditory,2,27,8,7,8,7.666666667,Beer,1
456,R_1FfAuskZNmrWTNW,Visual,2,28,5,5,6,5.333333333,Beer,1
457,R_1FD1fLO21U89EYQ,Visual,2,30,5,6,5,5.333333333,Beer,0
458,R_2Ys0HD2mtcW6tbz,Visual,1,44,6,6,6,6,Beer,0
459,R_1rqAFcAbS4X5kMl,Auditory,2,18,7,7,6,6.666666667,Beer,1
460,R_2DTfzEm6oaBfsjW,Visual,1,43,7,7,8,7.333333333,Beer,1
461,R_3G7id5YcTk1xJls,Auditory,2,41,6,4,4,4.666666667,Beer,0
462,R_129GuI9by9671Sv,Visual,1,40,6,6,6,6,Beer,1
463,R_10pZTWSgUabTbpr,Auditory,1,35,8,8,8,8,Beer,1
464,R_DcbsI9riGB5xNLj,Visual,1,57,6,6,8,6.666666667,Beer,1
465,R_3FPrlE8WNz3aUZr,Auditory,1,26,7,7,5,6.333333333,Beer,1
466,R_3RlyFGefyQG1m4x,Visual,1,32,3,2,4,3,Beer,0
467,R_2YxO313he1f6j8g,Visual,2,19,4,4,4,4,Beer,1
468,R_1ovTVuWYV9RJvQ2,Auditory,2,34,6,6,6,6,Beer,0
469,R_6DsivtdNuKopUHv,Visual,2,30,8,5,6,6.333333333,Beer,0
470,R_qKQ0YPZAP23RSmJ,Auditory,1,19,5,6,6,5.666666667,Beer,1
471,R_1hR2qexob7bRHMZ,Visual,1,22,3,5,3,3.666666667,Beer,0
472,R_10UxGAUtqK1ZUIC,Visual,1,25,6,6,6,6,Beer,0
473,R_1Iimz6k4TveaciX,Visual,1,25,2,2,2,2,Beer,0
474,R_1gqmhHTvhvkNOxY,Auditory,2,46,5,5,5,5,Beer,0
475,R_2dipEPS33GRq3D7,Auditory,2,27,2,3,2,2.333333333,Beer,1
476,R_2dF20pz1BEO7tup,Auditory,2,31,4,4,3,3.666666667,Beer,0
477,R_3MS6x49dDLpOF1u,Visual,1,26,4,6,3,4.333333333,Beer,1
478,R_PtGfNG0Cuq52EtX,Auditory,1,75,6,5,3,4.666666667,Beer,0
479,R_Xj049ygPYOurUSB,Visual,1,35,6,6,4,5.333333333,Beer,0
480,R_6SDOoWH3o9KVqXT,Auditory,2,24,8,7,5,6.666666667,Beer,1
481,R_3g74nvMlm6liQSx,Auditory,2,55,1,1,1,1,Beer,1
482,R_3iClxKfc0CA9Xd6,Visual,2,19,4,5,7,5.333333333,Beer,1
483,R_3fqlbEtvkRK1Lbg,Visual,1,26,7,6,9,7.333333333,Beer,1
484,R_XMOOTWCHRgkhYch,Visual,1,25,6,6,6,6,Beer,1
485,R_3MGXtkcm7c8hFDX,Auditory,2,27,4,5,3,4,Beer,0
486,R_yyGuhEhL0rybc9r,Visual,2,37,5,5,6,5.333333333,Beer,0
487,R_ddqQcYp51c97AxX,Auditory,1,32,6,6,3,5,Beer,1
488,R_3kw9qpnFPePztVz,Auditory,2,38,4,3,3,3.333333333,Beer,1
489,R_3ek7d5dLCjmAYWN,Auditory,1,27,9,9,8,8.666666667,Beer,1
490,R_2R9Rs1alEF1Bn4n,Visual,1,29,4,6,5,5,Beer,0
491,R_11Xdc1g0cJ6kopZ,Auditory,1,18,8,2,2,4,Beer,1
492,R_2OZMWcX9sIncOVB,Visual,1,25,5,5,4,4.666666667,Beer,0
493,R_40K5LuEq13WSVjj,Visual,1,21,5,5,5,5,Beer,1
494,R_3PTvsGUeTx6DZ1s,Auditory,1,24,9,5,8,7.333333333,Beer,1
495,R_ST6nmN6hzsesC09,Auditory,2,37,4,3,3,3.333333333,Beer,0
496,R_9SPG23dVc3dm1l7,Visual,2,22,3,4,3,3.333333333,Beer,1
497,R_C9QYlJZzXVSCLyp,Auditory,1,40,8,8,7,7.666666667,Beer,0
498,R_1OHNCYcz6ya9xFo,Visual,2,30,5,5,4,4.666666667,Beer,1
499,R_spYt2ZYHt61YOL7,Auditory,2,28,5,6,6,5.666666667,Beer,0
500,R_Bxgl1pczf3jkTS1,Visual,2,35,7,7,6,6.666666667,Beer,0
501,R_3lGh2HDulNhyCxS,Visual,2,22,7,5,3,5,Beer,0
502,R_1l0skb2DdYR61X5,Auditory,2,30,3,4,3,3.333333333,Beer,0
503,R_1JQNvQzEgBsMMQC,Visual,2,21,4,4,1,3,Beer,0
504,R_3dWXonRPar85bi9,Auditory,2,29,7,6,5,6,Beer,1
505,R_2Ym4FaJIQbPjMKi,Visual,1,56,4,4,4,4,Beer,0
506,R_1I4xqAj1ToKyWet,Visual,2,26,7,6,6,6.333333333,Beer,0
507,R_3pth7kHifkeT1zM,Auditory,1,26,4,4,3,3.666666667,Beer,0
508,R_10Vou4yr3DYFi7X,Visual,1,41,2,6,4,4,Beer,0
509,R_2WVh0y5Xt7Qq829,Auditory,1,32,7,8,5,6.666666667,Beer,1
510,R_W7dwyHPSHsvHyoN,Auditory,1,33,3,3,5,3.666666667,Beer,0
511,R_2qDXNVSAcklQCa3,Visual,2,40,7,7,7,7,Beer,0
512,R_1CC4FES3v0nAjOS,Auditory,2,32,5,5,5,5,Beer,1
513,R_1CDgW1vSW4dLRvd,Visual,1,29,6,6,8,6.666666667,Beer,0
514,R_3PH3aWp1N8CkZ7O,Visual,2,41,3,5,4,4,Beer,0
515,R_3DpU9rzpKOsABY5,Auditory,2,35,5,3,3,3.666666667,Beer,0
516,R_1NsRN12BFqoVzIK,Visual,1,37,5,5,6,5.333333333,Beer,1
517,R_D1ArnCyQc2SzCYV,Auditory,2,23,7,6,6,6.333333333,Beer,1
518,R_2q8yB8SaUAmnk9K,Visual,1,28,5,5,5,5,Beer,1
519,R_2aDzX8NaJejLRg0,Auditory,1,24,6,5,5,5.333333333,Beer,0
520,R_3RxrK77FgBYnfCW,Visual,1,33,3,3,4,3.333333333,Beer,1
521,R_3J1VgbNTeISUBDW,Visual,2,28,3,4,5,4,Beer,0
522,R_1jKcdHe5qlfgGoF,Auditory,2,24,6,7,7,6.666666667,Beer,0
523,R_WuRtbrOCY6egqm5,Auditory,1,37,5,5,4,4.666666667,Beer,0
524,R_1OVwBwWELRgwAyh,Visual,2,51,4,6,6,5.333333333,Beer,0
525,R_ZKQqWxgIyYZm3hn,Auditory,1,21,3,1,1,1.666666667,Beer,0
526,R_26aLC8QXnTt1anH,Auditory,2,34,2,5,5,4,Beer,0
527,R_OcWFdUpZVsdQbnP,Auditory,1,24,5,5,5,5,Beer,0
528,R_1DU3G81jNMBzMVJ,Visual,2,19,5,6,6,5.666666667,Beer,1
529,R_3mfxsQeQMZ0A32s,Auditory,1,25,6,6,5,5.666666667,Beer,1
530,R_uqtXLf5F2Vo073H,Visual,2,54,5,5,5,5,Beer,1
531,R_3nrr74EWgOlOmRt,Auditory,1,30,6,5,4,5,Beer,0
532,R_3QPEYLl5HSJfUu1,Auditory,2,26,6,5,2,4.333333333,Beer,0
533,R_2uqQMIvIwtAO4GB,Auditory,1,43,7,8,6,7,Beer,0
534,R_2sWMYlsFEvbVLwi,Visual,1,28,2,3,2,2.333333333,Beer,0
535,R_3gMK7cfyAIuS93J,Auditory,2,20,7,6,5,6,Beer,1
536,R_30r9R4btvwQ7wQF,Auditory,2,28,6,5,3,4.666666667,Beer,0
537,R_sj3MCr3QAwBMnSx,Visual,1,44,7,8,8,7.666666667,Beer,0
538,R_r85edC2og2jCFgt,Visual,1,20,5,4,5,4.666666667,Beer,0
539,R_1QrOeCRka57K3Fa,Visual,2,61,7,8,8,7.666666667,Beer,1
540,R_2fDJhUkrpJgGU22,Visual,1,23,5,6,3,4.666666667,Beer,0
541,R_2QWjD3OqsMlgtEp,Auditory,1,57,6,6,5,5.666666667,Beer,1
542,R_1n0DBt3OabEuCrq,Auditory,1,51,6,6,5,5.666666667,Beer,0
543,R_0B1djZXLgse1gSR,Auditory,2,24,5,6,7,6,Beer,1
544,R_2WDqrF3lQ9KRCKJ,Visual,2,28,6,6,7,6.333333333,Beer,1
545,R_2ruOHdtIdvT2RSb,Auditory,1,65,8,8,8,8,Beer,1
546,R_3O85blvyD2GTlSJ,Auditory,2,21,6,7,5,6,Beer,1
547,R_1OOk8zN3dJA8WlF,Visual,1,54,6,6,5,5.666666667,Beer,0
548,R_3mkOh98pnI0z9gn,Visual,2,30,7,7,7,7,Beer,1
549,R_1LMNTwSFjecajp6,Visual,1,27,2,5,3,3.333333333,Beer,1
550,R_1pDpa5AsJQuCOCK,Auditory,2,23,3,2,2,2.333333333,Beer,0
551,R_1i4esnGsyy4jHxN,Visual,2,26,7,7,8,7.333333333,Beer,1
552,R_1C1KOF1aEdIhQa0,Auditory,2,29,4,5,5,4.666666667,Beer,1
553,R_3lEVUoRkgn1j4Rb,Visual,1,20,4,5,4,4.333333333,Beer,0
554,R_2yshMalP4Y9Ie6x,Visual,2,30,9,7,5,7,Beer,1
555,R_2y72t7TFcX7iqxY,Visual,1,27,2,3,3,2.666666667,Beer,0
556,R_2OTFPVVqa5AXPFA,Auditory,1,41,5,5,5,5,Beer,1
557,R_2t35SHfRfXtq3D2,Visual,1,27,4,5,5,4.666666667,Beer,0
558,R_r9HegcG2KqgvFD3,Visual,2,24,8,8,9,8.333333333,Beer,0
559,R_1mmlFE0VEarcXBM,Visual,2,32,8,8,7,7.666666667,Beer,1
560,R_2uCnLHcn0k9hB5a,Visual,1,30,6,7,6,6.333333333,Beer,1
561,R_123lAMmRNkFX0IH,Visual,1,21,4,5,6,5,Beer,0
562,R_11ZoanF3XJsVyKk,Visual,1,44,5,7,7,6.333333333,Beer,1
563,R_27Ek1gWyMtz5Gpp,Auditory,1,34,2,3,2,2.333333333,Beer,1
564,R_UQhzmCsWIZnHiUh,Auditory,2,49,3,2,1,2,Beer,1
565,R_wRBfJnYKPqUFqtX,Visual,1,22,6,6,5,5.666666667,Beer,0
566,R_0BXZxJncX8EWh2N,Auditory,2,37,6,6,6,6,Beer,0
567,R_1CjZb4mrvauE9Rx,Auditory,2,52,5,5,5,5,Beer,1
568,R_sYltHAiDg8fBZtv,Auditory,2,31,5,5,3,4.333333333,Beer,1
569,R_25Lcs1sWUE2gz0I,Auditory,1,39,7,5,2,4.666666667,Beer,0
570,R_3gToHP7QCOn0fRG,Visual,2,46,5,5,3,4.333333333,Beer,0
571,R_3KJDtvrxlYzhdBB,Auditory,1,59,8,8,5,7,Beer,1
572,R_3ELpw9S3bsMZ3xj,Visual,2,21,6,5,6,5.666666667,Beer,1
573,R_2Cp579ZcqMekCco,Visual,1,18,6,6,6,6,Beer,0
574,R_2aQySJpz2KBzC1q,Visual,2,47,4,4,5,4.333333333,Beer,0
575,R_vIHHl7k2N9MLaHD,Auditory,1,58,6,6,4,5.333333333,Beer,0
576,R_DnSbLn4PLMARARz,Visual,1,32,5,5,5,5,Beer,0
577,R_3ozlB2hpqwnSict,Auditory,1,49,7,7,7,7,Beer,1
578,R_3qPRu70hlV7sbM1,Visual,2,26,7,6,6,6.333333333,Beer,0
579,R_1jTygjXiI3wynvA,Auditory,2,20,5,4,9,6,Beer,0
580,R_3JrPYY8wSIkuOKA,Visual,2,21,9,9,9,9,Beer,0
581,R_2aytSaNOtm8JCjy,Auditory,2,22,5,5,5,5,Beer,0
582,R_1NleEwcumkhEMFk,Auditory,1,24,6,7,6,6.333333333,Beer,1
583,R_5aw80WEBtcT5avL,Auditory,1,33,6,5,4,5,Beer,0
584,R_2VkapX86E2OWQp7,Visual,2,34,2,5,5,4,Beer,0
585,R_1fkfQ3QzJC4t8e8,Auditory,2,33,5,1,2,2.666666667,Beer,0
586,R_2tA80Bg1wGJpm2z,Auditory,1,25,7,7,6,6.666666667,Beer,1
587,R_usKEMYIJzLIanC1,Auditory,1,44,5,4,4,4.333333333,Beer,1
588,R_3TVaM9pWWLX5QCR,Visual,2,35,8,8,9,8.333333333,Beer,1
589,R_0koFadFu2dQdIVH,Auditory,1,20,5,5,4,4.666666667,Beer,1
590,R_ezmmGABxAnIDg89,Visual,1,19,6,5,4,5,Beer,0
591,R_2V1JfNl3ENdzgOu,Visual,2,41,5,5,5,5,Beer,1
592,R_2WZieJpF8SgdrL8,Auditory,2,21,7,5,7,6.333333333,Beer,1
593,R_2RQdyjE25hltiP4,Auditory,2,34,1,1,1,1,Beer,0
594,R_3hu0KJidqAIHdPQ,Visual,2,26,7,3,3,4.333333333,Beer,1
595,R_3maXxIGvjHJ5xJY,Visual,1,44,7,7,7,7,Beer,1
596,R_2TQTZyFoSP3r8vB,Auditory,1,47,4,4,4,4,Beer,1
597,R_23fchg2VSZLGSlE,Visual,1,42,9,7,8,8,Beer,1
598,R_1pGWfaJGruQKolq,Visual,1,38,4,5,3,4,Beer,0
599,R_3k7mP9IqJMtXvYZ,Auditory,2,45,5,5,5,5,Beer,0
600,R_1lnPYkQ5l7nJxmI,Auditory,2,32,9,9,1,6.333333333,Beer,1
601,R_USInqQGroSd3Txf,Auditory,1,37,2,2,2,2,Beer,0
602,R_12uwgtwsK7GsezB,Auditory,2,52,8,8,8,8,Beer,1
603,R_BXqZsmbuVlgbSKt,Visual,2,33,9,9,9,9,Beer,1
604,R_1DU0UqVo6dQSGzF,Auditory,1,19,4,4,7,5,Beer,0
605,R_2w4viG8KN9k2ayn,Visual,1,36,5,5,5,5,Beer,0
606,R_2doms7LF3ypnUoy,Visual,2,20,3,5,3,3.666666667,Beer,0
607,R_2PkeNMmAkfCKaHO,Auditory,2,43,7,7,7,7,Beer,0
608,R_3Ky0BvTReiwmxhy,Visual,1,22,4,4,8,5.333333333,Beer,1
609,R_3KBWFeBiSkHryLq,Auditory,1,44,6,4,4,4.666666667,Beer,1
610,R_3NSRdWmm0MklFK1,Visual,2,30,5,5,7,5.666666667,Beer,1
611,R_Q5GKNQeZLUHJChz,Visual,1,26,7,6,6,6.333333333,Beer,0
612,R_ONAaupLDo7n5AwF,Auditory,2,35,5,6,1,4,Beer,0
613,R_1gelF4XZcFwgdxB,Visual,1,23,7,7,7,7,Beer,1
614,R_Y5ZIO4qXTGxgRRD,Auditory,2,29,6,4,5,5,Beer,1
615,R_71fB75IHp7FyLOF,Visual,2,28,5,5,5,5,Beer,0
616,R_eFM6HE3DDAhJ8wp,Auditory,2,21,6,7,3,5.333333333,Beer,0
617,R_1C2dldCP1WUlIvw,Visual,1,18,5,5,5,5,Beer,0
618,R_2BfcB74BhNHtLeP,Auditory,2,30,3,5,4,4,Beer,0
619,R_2vdmswQPOYZLgKk,Auditory,1,68,5,5,5,5,Beer,0
620,R_brw6ztCMTTVCow1,Visual,1,25,5,4,5,4.666666667,Beer,1
621,R_3kERbDLXsaKUOXE,Auditory,1,41,3,5,5,4.333333333,Beer,0
622,R_27VWk9YJRp278u0,Auditory,2,31,3,5,3,3.666666667,Beer,0
623,R_3Op0MKaHVhhZyTO,Visual,1,38,6,5,6,5.666666667,Beer,0
624,R_yrwZsoVaO7AX89b,Visual,1,41,7,7,6,6.666666667,Beer,0
625,R_1F2Fseq9ZML0LCz,Visual,1,31,7,7,7,7,Beer,0
626,R_3q8qGFGtmqt5i2I,Auditory,1,25,6,5,5,5.333333333,Beer,0
627,R_p6kduaRfOSKsxaN,Auditory,1,31,7,7,7,7,Beer,1
628,R_3fK1WmgiR5g0VX6,Auditory,1,56,8,8,8,8,Beer,1
629,R_sHGOuYGsX7RkyhH,Auditory,2,29,4,5,4,4.333333333,Beer,0
630,R_2ipVdJnbDXDN6uZ,Auditory,2,29,9,9,9,9,Beer,1
631,R_1GDeHUMb7m5qgCK,Visual,2,33,8,8,8,8,Beer,0
632,R_2zunKHRKusVZupW,Visual,2,36,5,5,5,5,Beer,1
633,R_3et5y1Bp3e4siwd,Visual,1,19,5,5,4,4.666666667,Beer,1
634,R_2q7YDxEuholuIQl,Auditory,2,25,9,9,9,9,Beer,1
635,R_3PuIyzj2LRGKTF4,Auditory,2,68,5,5,5,5,Beer,1
636,R_yVh1dnt65T4sTfz,Auditory,2,51,6,6,4,5.333333333,Beer,0
637,R_21zyXC5PZzwTvxB,Visual,1,28,3,4,2,3,Beer,0
638,R_1ocDnDnCuELxMeu,Auditory,1,24,7,7,9,7.666666667,Beer,0
639,R_1qb1l0eXNbtXs8s,Visual,2,33,4,5,4,4.333333333,Beer,0
640,R_1gkDZ1h8IgLBo0v,Visual,1,18,1,5,3,3,Beer,0
641,R_240nY7d1ToFcugA,Visual,2,27,7,7,7,7,Beer,0
642,R_30c2RnuUa10SFlM,Auditory,1,30,3,5,2,3.333333333,Beer,0
643,R_1k2nftjObMliUjI,Visual,1,19,7,7,8,7.333333333,Beer,1
644,R_3lrIZJeiDKXRwI7,Visual,1,36,6,8,5,6.333333333,Beer,1
645,R_3lQtsSKEyBVnLdW,Auditory,2,43,6,5,5,5.333333333,Beer,1
646,R_3mdUz5mUSp4HtOR,Visual,2,20,7,5,5,5.666666667,Beer,0
647,R_1erV5oQYnYepRYU,Auditory,2,46,5,5,5,5,Beer,1
648,R_1mq3bQNz1ovBWRq,Visual,1,33,7,6,7,6.666666667,Beer,0
649,R_22Yr2NCIFcIhbo1,Visual,1,21,5,6,4,5,Beer,1
650,R_0ihdP3hbI2Au7YJ,Visual,1,46,3,3,3,3,Beer,1
651,R_vktPIwEskvI2mSB,Auditory,1,27,3,3,3,3,Beer,0
652,R_2WMzbf0J2MFwWnR,Visual,2,32,6,7,6,6.333333333,Beer,0
653,R_Rzc0vXLBElj7OjD,Auditory,1,20,6,7,7,6.666666667,Beer,1
654,R_2ZCAlatOcM5Vbmu,Visual,1,64,6,5,1,4,Beer,0
655,R_2EieplRtLgGPJtR,Auditory,2,29,7,7,4,6,Beer,0
656,R_OQcVhT8l3Wb0V7r,Auditory,1,23,7,8,4,6.333333333,Beer,1
657,R_2RPRKXJC2Qi3sbl,Auditory,2,33,7,7,6,6.666666667,Beer,1
658,R_29M42LjlQvcq72V,Auditory,2,26,9,9,9,9,Beer,1
659,R_wZPaE0tKf502Dbb,Auditory,1,22,3,3,5,3.666666667,Beer,0
660,R_2BnW0iBtWtZSk38,Visual,2,19,8,8,7,7.666666667,Beer,1
661,R_1ghWK5xioSHk384,Visual,2,62,5,5,5,5,Beer,0
662,R_3WS7WeCuzDNeZNf,Auditory,1,21,6,5,4,5,Beer,0
663,R_43kaOMLeiG7DNO9,Visual,1,27,8,8,4,6.666666667,Beer,0
664,R_tSw3FCdDdjFhdAd,Auditory,1,59,7,7,7,7,Beer,0
665,R_3PcxXoN4KOpamIy,Auditory,1,45,6,5,5,5.333333333,Beer,0
666,R_vOHGfpDzYVjgm41,Visual,1,27,8,8,8,8,Beer,1
667,R_1n2cPw1C4KClDn0,Visual,2,50,5,5,7,5.666666667,Beer,0
668,R_2ckNXhG0o0St75y,Visual,1,45,2,2,2,2,Beer,0
669,R_2DZCRtpJnX5Ah9o,Visual,2,49,3,4,4,3.666666667,Beer,0
670,R_28SfbeVwK2WqRQK,Auditory,2,21,4,5,6,5,Beer,1
671,R_1n0zu92DrqpYgct,Auditory,2,20,7,7,6,6.666666667,Beer,1
672,R_1mr73QlFtWQ6K3A,Visual,1,38,3,5,2,3.333333333,Beer,0
673,R_0jtzWpZ52eH7jdT,Visual,2,27,9,9,9,9,Beer,1
674,R_3ni8Bq4u3hLoL6C,Visual,1,36,6,6,5,5.666666667,Beer,0
675,R_11X8Za5JXum2ip0,Auditory,1,55,5,5,3,4.333333333,Beer,0
676,R_2wt6ukFLtsr3cnN,Auditory,2,26,6,5,5,5.333333333,Beer,0
677,R_riPvb08D3Gu8o5H,Auditory,2,21,9,7,9,8.333333333,Beer,1
678,R_1HpKURVrXkcrhdR,Auditory,2,28,5,5,5,5,Beer,0
679,R_2YnvsI7OWmL9sHL,Visual,1,42,7,7,7,7,Beer,1
680,R_D1TW6knMf1hPCUx,Auditory,1,22,7,5,3,5,Beer,1
681,R_1K46FGEOMbfEELT,Auditory,1,47,3,3,2,2.666666667,Beer,0
682,R_1CyKc5RKiVLsoYW,Visual,2,25,6,6,5,5.666666667,Beer,0
683,R_10TS3AyFUfmp2hr,Auditory,1,18,9,4,1,4.666666667,Beer,1
684,R_3foZGT2UaAyKYv4,Auditory,2,73,2,1,2,1.666666667,Beer,1
685,R_3s0nKchdwAnSoKk,Visual,2,39,7,7,7,7,Beer,1
686,R_3kq7L6WQ1Y8uFI6,Visual,2,43,9,8,6,7.666666667,Beer,0
687,R_23fvzwL1VZNa8Hn,Visual,3,21,5,5,5,5,Beer,1
688,R_1onglgkrPqODgm5,Auditory,1,32,7,4,5,5.333333333,Beer,1
689,R_2qe19Cq8txvASa3,Visual,1,42,7,7,7,7,Beer,0
690,R_3O0kZEJzF8gqs9s,Visual,1,26,6,6,5,5.666666667,Beer,0
691,R_bNk57weSiBv5dzb,Visual,2,37,9,9,7,8.333333333,Beer,0
692,R_1H8NmcKmVpCkqQS,Auditory,2,51,4,5,5,4.666666667,Beer,1
693,R_2RPsKYbtTBiS6bH,Visual,1,26,4,5,4,4.333333333,Beer,0
694,R_3O819rCZ75K24Vq,Visual,1,18,7,5,6,6,Beer,0
695,R_2v1SGNM2d8T3Vgt,Visual,2,25,9,9,9,9,Beer,0
696,R_yw06ZkdOxjcp6yR,Visual,2,42,8,8,8,8,Beer,1
697,R_2rTViSAoesYMIac,Visual,2,18,7,7,7,7,Beer,1
698,R_2R4gHXFtStNrmT5,Auditory,2,56,3,3,3,3,Beer,0
699,R_2mzsgDfYYMiPuyB,Auditory,1,20,6,7,4,5.666666667,Beer,1
700,R_324vU1p0DwC6YoI,Auditory,2,33,6,6,6,6,Beer,0
701,R_3PN49AV5kXxCPRF,Auditory,1,26,6,7,6,6.333333333,Beer,1
702,R_2dFOjiREMSMk4u9,Auditory,1,24,2,2,3,2.333333333,Beer,0
703,R_3MKA9EZQwpOp0xO,Auditory,2,53,3,3,3,3,Beer,1
704,R_264MrkGyvydhNzo,Auditory,1,41,6,6,6,6,Beer,1
705,R_3P6PfKUbR20yGTn,Visual,1,24,5,4,5,4.666666667,Beer,1
706,R_3MiIjwZ0w85505z,Visual,2,46,6,5,6,5.666666667,Beer,1
707,R_33e8mBeu5nyo47N,Auditory,1,37,4,4,4,4,Beer,1
708,R_2wgKAhNTQoqxjUG,Auditory,1,19,4,4,4,4,Beer,0
709,R_2Yri6UDrrAEzz5Y,Auditory,1,28,8,5,5,6,Beer,0
710,R_3Nwl4Ys4SNi51cR,Auditory,1,44,3,3,4,3.333333333,Beer,1
711,R_1mUgVFbhKvausbr,Visual,2,19,6,4,3,4.333333333,Beer,0
712,R_1qfgkVGT7YYLEVI,Visual,2,52,4,8,6,6,Beer,0
713,R_30oXrBhrQKWCy03,Visual,1,52,5,5,5,5,Beer,1
714,R_3m1Ynt0wF7eC67a,Visual,2,26,9,9,9,9,Beer,1
715,R_cwEJ4dbEWM9eEtr,Auditory,1,32,6,5,5,5.333333333,Beer,0
716,R_2dL04XtJJCJWi2w,Auditory,2,23,6,7,6,6.333333333,Beer,0
717,R_2R4xfCh8sR5RPin,Visual,1,21,7,6,7,6.666666667,Beer,0
718,R_1IMISbaUR54aaD4,Auditory,1,72,7,7,6,6.666666667,Beer,0
719,R_O1qCDCLO3uuN9ER,Visual,1,53,6,6,6,6,Beer,1
720,R_1dmZLucTGjJlZUJ,Auditory,2,40,5,1,5,3.666666667,Beer,0
721,R_YbLZy0RuCkPquv7,Auditory,1,51,5,3,3,3.666666667,Beer,1
722,R_2WSdcM3PLjAi4aq,Auditory,1,26,6,4,4,4.666666667,Beer,1
723,R_aVks7VjarwlDOA9,Visual,2,54,7,7,7,7,Beer,1
724,R_2R8icqi5vXDXwvf,Visual,1,21,7,6,7,6.666666667,Beer,0
725,R_2TZXlcQQtx98YNP,Auditory,1,29,4,3,6,4.333333333,Beer,0
726,R_3338PDm5z8NcW5N,Auditory,2,51,2,3,1,2,Beer,0
727,R_3k4BCPyqJFqGuAQ,Auditory,1,66,3,5,3,3.666666667,Beer,0
728,R_2ZCWXDr0qJFF1uh,Auditory,1,54,3,5,5,4.333333333,Beer,0
729,R_1ilejStXMdBhx1E,Visual,2,51,5,7,4,5.333333333,Beer,0
730,R_3DqIyWYrYPOdUK8,Auditory,1,32,7,7,7,7,Beer,1
731,R_1feBndJPEeM0Y0Y,Visual,2,58,7,7,6,6.666666667,Beer,1
732,R_RJEHuuSbDXkZjAB,Visual,1,43,5,6,4,5,Beer,0
733,R_2tMv6mRIhezt7CD,Auditory,1,45,5,1,1,2.333333333,Beer,0
734,R_22raUoY119y3ktE,Auditory,1,38,4,3,2,3,Beer,0
735,R_29obQhZ48nIYIE1,Visual,2,31,7,7,8,7.333333333,Beer,1
736,R_3ipYQFoXdYjMkmm,Visual,2,26,7,7,7,7,Beer,0
737,R_RgdHgbvyC3szQfD,Auditory,1,32,7,7,6,6.666666667,Beer,0
738,R_3e3k4i5cMyfdXXR,Visual,2,47,6,7,6,6.333333333,Beer,1
739,R_UsZH5g09wIL1SQ9,Auditory,1,68,3,6,5,4.666666667,Beer,0
740,R_2fwg9QccOgzKLg8,Visual,1,24,4,5,5,4.666666667,Beer,0
741,R_3MtfEn1apWsotho,Visual,1,40,5,5,6,5.333333333,Beer,0
742,R_2SfqNaklzRFShJW,Auditory,2,26,3,4,3,3.333333333,Beer,0
743,R_1mJGPEp4pnXBa3a,Visual,2,63,5,4,6,5,Beer,1
744,R_2sYA9a1jPrNq0zg,Visual,1,30,7,7,5,6.333333333,Beer,0
745,R_2Ep0jauqfMaC8R0,Auditory,1,27,7,5,3,5,Beer,0
746,R_2uU5KfppomPUn3y,Visual,1,33,2,2,1,1.666666667,Beer,0
747,R_Wc8xASjY3dhumZ3,Auditory,1,38,7,7,5,6.333333333,Beer,1
748,R_xtjnJkanp5BTVUR,Visual,1,30,6,6,4,5.333333333,Beer,1
749,R_ZEQyyCeddNIpnih,Visual,2,29,3,3,2,2.666666667,Beer,0
750,R_YS5g28Ptcs9RFo5,Visual,2,26,4,5,3,4,Beer,0
751,R_40BG848BKycpDW1,Auditory,2,51,3,5,3,3.666666667,Beer,1
752,R_3oLVFsjMsXpD3tk,Visual,1,30,6,7,8,7,Beer,1
753,R_3HpgicV8p9rXGNb,Visual,2,38,5,5,5,5,Beer,0
754,R_3fK7YwUwyl95WQs,Auditory,1,18,5,5,3,4.333333333,Beer,0
755,R_2R96SXKDEjX0pLt,Auditory,2,18,4,5,4,4.333333333,Beer,0
756,R_3n6oUUs5iO5nsKO,Auditory,2,56,7,6,6,6.333333333,Beer,0
757,R_1hAy7yfWQsGhYuo,Visual,1,23,8,8,7,7.666666667,Beer,1
758,R_SOD6bNr2QM9jUHv,Auditory,1,22,6,5,4,5,Beer,0
759,R_OjSZfDE7OBqrdgB,Visual,2,48,1,5,1,2.333333333,Beer,1
760,R_29bQxFZxPxG746P,Auditory,1,29,6,7,6,6.333333333,Beer,1
761,R_ZxTdpN9ooVmG4KZ,Auditory,2,62,6,6,5,5.666666667,Beer,1
762,R_1HcykyOUoI464jK,Auditory,2,43,1,1,1,1,Beer,0
763,R_1qh4ekbhUvGH6ad,Auditory,2,21,3,5,5,4.333333333,Beer,0
764,R_3shmaMPMQFDkp2i,Auditory,2,31,5,2,2,3,Beer,1
765,R_3ipNYl70oUXaWfj,Auditory,1,27,6,5,5,5.333333333,Beer,1
766,R_120bD4VtWiO2hBk,Visual,1,31,5,5,5,5,Beer,1
767,R_uyquEgwvz9E0kil,Visual,1,25,8,8,8,8,Beer,1
768,R_sH8TkcywQ3A7ryh,Visual,2,43,5,5,5,5,Beer,1
769,R_2Sw65hhRbVqzgQP,Visual,2,69,5,7,3,5,Beer,1
770,R_1q51DMAfmat5eSM,Visual,2,22,6,6,4,5.333333333,Beer,0
771,R_1HibILsyjhItoM9,Auditory,1,36,5,5,5,5,Beer,0
772,R_2c27Fzm396hXsde,Visual,2,44,5,6,6,5.666666667,Beer,1
773,R_095xf3sHSUDZMgV,Auditory,1,24,6,5,4,5,Beer,1
774,R_2RaA3ucC69q6jaX,Auditory,2,33,5,6,7,6,Beer,1
775,R_xnFncZgu2UsaEZb,Visual,1,37,6,6,7,6.333333333,Beer,0
776,R_1q2hWdhV1mnp91c,Visual,2,34,6,6,6,6,Beer,0
777,R_przHuOvhhGV5VeN,Auditory,2,31,5,5,3,4.333333333,Beer,1
778,R_1Lnj51D5n7e7yqN,Auditory,2,59,8,7,5,6.666666667,Beer,1
779,R_3ilo3S2mZwaGk38,Visual,2,54,5,5,5,5,Beer,0
780,R_3MEklDnJ2wbWxd8,Visual,1,55,7,7,5,6.333333333,Beer,0
781,R_1nZmtKiFNb6jb38,Auditory,2,36,5,5,5,5,Beer,0
782,R_12KAigVbfBdOvDD,Visual,2,20,5,5,5,5,Beer,0
783,R_27UsoDmXy0eQSIs,Visual,2,41,5,5,5,5,Beer,0
784,R_2rTI2UHq4kKg65y,Visual,2,35,5,6,6,5.666666667,Beer,0
785,R_RgEdb4lE5U1Q3zH,Auditory,2,31,1,2,1,1.333333333,Beer,0
786,R_3PzpU9o2gxkAAnl,Visual,2,33,6,5,7,6,Beer,0
787,R_2YxM5Z2ykVvhjUY,Auditory,1,42,5,4,4,4.333333333,Restaurant,0
788,R_2ea3ElcjT0YlUYZ,Auditory,2,28,8,7,7,7.333333333,Restaurant,0
789,R_1IKwHgKpp7FZINx,Visual,2,34,6,6,6,6,Restaurant,0
790,R_qPdZEPblOw42JHj,Auditory,1,28,7,7,7,7,Restaurant,1
791,R_3Mb4OjDgaQD1kbD,Visual,2,46,8,8,8,8,Restaurant,0
792,R_2qwOoroF4bt2LA4,Visual,1,21,4,5,4,4.333333333,Restaurant,0
793,R_1P0JAmdEz4SzI8f,Auditory,2,24,8,6,7,7,Restaurant,1
794,R_efTRpLG6IdnkwvL,Visual,2,29,6,6,5,5.666666667,Restaurant,0
795,R_22M7u8UK82jqIY8,Auditory,1,64,6,5,5,5.333333333,Restaurant,0
796,R_2104w0w1awHaAIi,Visual,2,26,3,5,6,4.666666667,Restaurant,0
797,R_3NKTOlPWndypDZH,Auditory,2,30,7,6,3,5.333333333,Restaurant,1
798,R_1nVipWogqD6bY16,Visual,1,49,6,7,3,5.333333333,Restaurant,0
799,R_3Rh1sVJHmDgRtqo,Visual,1,19,9,9,7,8.333333333,Restaurant,0
800,R_2BfCkmFZGQDBOtJ,Auditory,2,32,7,3,7,5.666666667,Restaurant,1
801,R_3kLL3W1BQisyLzG,Auditory,2,26,4,4,3,3.666666667,Restaurant,0
802,R_2xRyzj70KxThu5n,Visual,1,19,6,7,7,6.666666667,Restaurant,0
803,R_1N3rhujt1k1NKWm,Auditory,1,34,5,5,1,3.666666667,Restaurant,1
804,R_3n61X85uBy5Dbqz,Auditory,1,32,4,5,5,4.666666667,Restaurant,0
805,R_3MmNMeVPFcrge8P,Visual,1,44,9,7,9,8.333333333,Restaurant,1
806,R_1Kx6KScNWPFqKPw,Visual,1,33,4,4,4,4,Restaurant,1
807,R_1JQLGBce6YBr8tl,Visual,2,22,5,5,5,5,Restaurant,0
808,R_2YLg4T6gQ1hxGdS,Auditory,2,57,8,8,5,7,Restaurant,1
809,R_w17AmL0xY3aODPX,Auditory,1,18,4,5,5,4.666666667,Restaurant,0
810,R_3qZJkqRsAo2iNlM,Auditory,1,18,6,4,6,5.333333333,Restaurant,0
811,R_1I3E3Xujw48wGMk,Visual,2,24,6,5,5,5.333333333,Restaurant,0
812,R_22o9FLVHKzQ9INO,Visual,2,22,7,7,8,7.333333333,Restaurant,1
813,R_2zHXzxOqssI5r9G,Auditory,2,59,3,3,3,3,Restaurant,0
814,R_6tcVzd7ltbF75PX,Visual,1,21,9,8,8,8.333333333,Restaurant,0
815,R_SBimuRwRtEVcD3r,Auditory,2,40,8,9,8,8.333333333,Restaurant,0
816,R_3fvETwwfIcoBzDa,Visual,2,19,9,9,9,9,Restaurant,1
817,R_9YNISyAMJAZAsTL,Visual,1,19,3,5,5,4.333333333,Restaurant,0
818,R_2X04eK7MCnmCXJx,Auditory,1,18,6,3,5,4.666666667,Restaurant,1
819,R_1Ftz2rDpXCyLmsw,Auditory,1,32,5,5,6,5.333333333,Restaurant,1
820,R_330W3Jf5sgztDJT,Auditory,1,35,6,6,6,6,Restaurant,0
821,R_1DAUGJX2XhNpUHl,Auditory,2,24,6,5,4,5,Restaurant,1
822,R_WckmXI9Efsh3UKB,Visual,2,25,9,9,9,9,Restaurant,1
823,R_1gts2F2Jq16wqRR,Visual,1,39,3,3,3,3,Restaurant,0
824,R_1GPSIBxIp7TqNHW,Auditory,1,28,8,7,7,7.333333333,Restaurant,0
825,R_viVtYMi6fbbbYMp,Auditory,1,35,7,7,6,6.666666667,Restaurant,1
826,R_3Hwvdvo3i9yfEdz,Visual,1,27,3,2,3,2.666666667,Restaurant,0
827,R_3nIzT8WzpYRzppQ,Auditory,2,20,7,8,7,7.333333333,Restaurant,1
828,R_1Nag6wdBKi14cLT,Visual,1,20,4,4,4,4,Restaurant,0
829,R_2ZIEIwrKR3tiapH,Visual,1,25,6,7,7,6.666666667,Restaurant,1
830,R_1eVLbNymm9AutVY,Visual,2,29,5,5,5,5,Restaurant,0
831,R_1rP1xur8NDBbc8y,Visual,1,27,7,6,7,6.666666667,Restaurant,1
832,R_1rk3vdV7jDF3IqV,Visual,2,18,6,7,7,6.666666667,Restaurant,0
833,R_1ge9LEO8WTy1ty9,Auditory,1,48,8,8,5,7,Restaurant,1
834,R_VP5Y3Ly3gfiBv9v,Auditory,2,19,2,4,5,3.666666667,Restaurant,0
835,R_10PoLAGqy0r9ian,Auditory,2,68,6,5,3,4.666666667,Restaurant,1
836,R_3oXZIAhMGyrd4Qf,Visual,1,41,9,9,9,9,Restaurant,1
837,R_11dMZJq9OORNrko,Auditory,2,26,7,5,3,5,Restaurant,0
838,R_2Y9yqZyHa9bwZCI,Visual,1,55,5,5,5,5,Restaurant,0
839,R_210p1f7sXA6Rmz1,Auditory,2,19,3,7,7,5.666666667,Restaurant,0
840,R_1JL23tdXV8GuoGG,Visual,1,28,6,7,5,6,Restaurant,1
841,R_1E71jA1u8wHNMuj,Auditory,2,24,2,3,4,3,Restaurant,0
842,R_STSCqMQyg7MwNep,Auditory,2,33,9,7,8,8,Restaurant,1
843,R_RsLJGGXygcadj9L,Visual,2,36,6,6,6,6,Restaurant,0
844,R_1QL3rGivXT9YDgD,Auditory,1,27,8,8,8,8,Restaurant,1
845,R_3LYK3jKjzaEn9js,Visual,1,22,5,5,4,4.666666667,Restaurant,0
846,R_3enrwDUCwgWr9kw,Auditory,2,25,4,5,5,4.666666667,Restaurant,0
847,R_a4aHKD719AlVyxj,Auditory,2,27,7,6,7,6.666666667,Restaurant,1
848,R_1NFdq5HaXsDhLZW,Auditory,2,27,8,7,8,7.666666667,Restaurant,1
849,R_1FfAuskZNmrWTNW,Visual,2,28,5,5,6,5.333333333,Restaurant,0
850,R_1FD1fLO21U89EYQ,Visual,2,30,5,6,5,5.333333333,Restaurant,0
851,R_2Ys0HD2mtcW6tbz,Visual,1,44,6,6,6,6,Restaurant,0
852,R_1rqAFcAbS4X5kMl,Auditory,2,18,7,7,6,6.666666667,Restaurant,1
853,R_2DTfzEm6oaBfsjW,Visual,1,43,7,7,8,7.333333333,Restaurant,1
854,R_3G7id5YcTk1xJls,Auditory,2,41,6,4,4,4.666666667,Restaurant,0
855,R_129GuI9by9671Sv,Visual,1,40,6,6,6,6,Restaurant,0
856,R_10pZTWSgUabTbpr,Auditory,1,35,8,8,8,8,Restaurant,1
857,R_DcbsI9riGB5xNLj,Visual,1,57,6,6,8,6.666666667,Restaurant,0
858,R_3FPrlE8WNz3aUZr,Auditory,1,26,7,7,5,6.333333333,Restaurant,0
859,R_3RlyFGefyQG1m4x,Visual,1,32,3,2,4,3,Restaurant,0
860,R_2YxO313he1f6j8g,Visual,2,19,4,4,4,4,Restaurant,1
861,R_1ovTVuWYV9RJvQ2,Auditory,2,34,6,6,6,6,Restaurant,0
862,R_6DsivtdNuKopUHv,Visual,2,30,8,5,6,6.333333333,Restaurant,1
863,R_qKQ0YPZAP23RSmJ,Auditory,1,19,5,6,6,5.666666667,Restaurant,1
864,R_1hR2qexob7bRHMZ,Visual,1,22,3,5,3,3.666666667,Restaurant,0
865,R_10UxGAUtqK1ZUIC,Visual,1,25,6,6,6,6,Restaurant,0
866,R_1Iimz6k4TveaciX,Visual,1,25,2,2,2,2,Restaurant,0
867,R_1gqmhHTvhvkNOxY,Auditory,2,46,5,5,5,5,Restaurant,0
868,R_2dipEPS33GRq3D7,Auditory,2,27,2,3,2,2.333333333,Restaurant,1
869,R_2dF20pz1BEO7tup,Auditory,2,31,4,4,3,3.666666667,Restaurant,0
870,R_3MS6x49dDLpOF1u,Visual,1,26,4,6,3,4.333333333,Restaurant,1
871,R_PtGfNG0Cuq52EtX,Auditory,1,75,6,5,3,4.666666667,Restaurant,0
872,R_Xj049ygPYOurUSB,Visual,1,35,6,6,4,5.333333333,Restaurant,0
873,R_6SDOoWH3o9KVqXT,Auditory,2,24,8,7,5,6.666666667,Restaurant,1
874,R_3g74nvMlm6liQSx,Auditory,2,55,1,1,1,1,Restaurant,0
875,R_3iClxKfc0CA9Xd6,Visual,2,19,4,5,7,5.333333333,Restaurant,0
876,R_3fqlbEtvkRK1Lbg,Visual,1,26,7,6,9,7.333333333,Restaurant,1
877,R_XMOOTWCHRgkhYch,Visual,1,25,6,6,6,6,Restaurant,1
878,R_3MGXtkcm7c8hFDX,Auditory,2,27,4,5,3,4,Restaurant,0
879,R_yyGuhEhL0rybc9r,Visual,2,37,5,5,6,5.333333333,Restaurant,1
880,R_ddqQcYp51c97AxX,Auditory,1,32,6,6,3,5,Restaurant,1
881,R_3kw9qpnFPePztVz,Auditory,2,38,4,3,3,3.333333333,Restaurant,0
882,R_3ek7d5dLCjmAYWN,Auditory,1,27,9,9,8,8.666666667,Restaurant,1
883,R_2R9Rs1alEF1Bn4n,Visual,1,29,4,6,5,5,Restaurant,0
884,R_11Xdc1g0cJ6kopZ,Auditory,1,18,8,2,2,4,Restaurant,1
885,R_2OZMWcX9sIncOVB,Visual,1,25,5,5,4,4.666666667,Restaurant,0
886,R_40K5LuEq13WSVjj,Visual,1,21,5,5,5,5,Restaurant,1
887,R_3PTvsGUeTx6DZ1s,Auditory,1,24,9,5,8,7.333333333,Restaurant,1
888,R_ST6nmN6hzsesC09,Auditory,2,37,4,3,3,3.333333333,Restaurant,0
889,R_9SPG23dVc3dm1l7,Visual,2,22,3,4,3,3.333333333,Restaurant,0
890,R_C9QYlJZzXVSCLyp,Auditory,1,40,8,8,7,7.666666667,Restaurant,1
891,R_1OHNCYcz6ya9xFo,Visual,2,30,5,5,4,4.666666667,Restaurant,0
892,R_spYt2ZYHt61YOL7,Auditory,2,28,5,6,6,5.666666667,Restaurant,1
893,R_Bxgl1pczf3jkTS1,Visual,2,35,7,7,6,6.666666667,Restaurant,0
894,R_3lGh2HDulNhyCxS,Visual,2,22,7,5,3,5,Restaurant,0
895,R_1l0skb2DdYR61X5,Auditory,2,30,3,4,3,3.333333333,Restaurant,0
896,R_1JQNvQzEgBsMMQC,Visual,2,21,4,4,1,3,Restaurant,0
897,R_3dWXonRPar85bi9,Auditory,2,29,7,6,5,6,Restaurant,1
898,R_2Ym4FaJIQbPjMKi,Visual,1,56,4,4,4,4,Restaurant,0
899,R_1I4xqAj1ToKyWet,Visual,2,26,7,6,6,6.333333333,Restaurant,0
900,R_3pth7kHifkeT1zM,Auditory,1,26,4,4,3,3.666666667,Restaurant,0
901,R_10Vou4yr3DYFi7X,Visual,1,41,2,6,4,4,Restaurant,0
902,R_2WVh0y5Xt7Qq829,Auditory,1,32,7,8,5,6.666666667,Restaurant,0
903,R_W7dwyHPSHsvHyoN,Auditory,1,33,3,3,5,3.666666667,Restaurant,1
904,R_2qDXNVSAcklQCa3,Visual,2,40,7,7,7,7,Restaurant,0
905,R_1CC4FES3v0nAjOS,Auditory,2,32,5,5,5,5,Restaurant,0
906,R_1CDgW1vSW4dLRvd,Visual,1,29,6,6,8,6.666666667,Restaurant,0
907,R_3PH3aWp1N8CkZ7O,Visual,2,41,3,5,4,4,Restaurant,1
908,R_3DpU9rzpKOsABY5,Auditory,2,35,5,3,3,3.666666667,Restaurant,0
909,R_1NsRN12BFqoVzIK,Visual,1,37,5,5,6,5.333333333,Restaurant,0
910,R_D1ArnCyQc2SzCYV,Auditory,2,23,7,6,6,6.333333333,Restaurant,0
911,R_2q8yB8SaUAmnk9K,Visual,1,28,5,5,5,5,Restaurant,0
912,R_2aDzX8NaJejLRg0,Auditory,1,24,6,5,5,5.333333333,Restaurant,1
913,R_3RxrK77FgBYnfCW,Visual,1,33,3,3,4,3.333333333,Restaurant,0
914,R_3J1VgbNTeISUBDW,Visual,2,28,3,4,5,4,Restaurant,0
915,R_1jKcdHe5qlfgGoF,Auditory,2,24,6,7,7,6.666666667,Restaurant,0
916,R_WuRtbrOCY6egqm5,Auditory,1,37,5,5,4,4.666666667,Restaurant,0
917,R_1OVwBwWELRgwAyh,Visual,2,51,4,6,6,5.333333333,Restaurant,0
918,R_ZKQqWxgIyYZm3hn,Auditory,1,21,3,1,1,1.666666667,Restaurant,0
919,R_26aLC8QXnTt1anH,Auditory,2,34,2,5,5,4,Restaurant,0
920,R_OcWFdUpZVsdQbnP,Auditory,1,24,5,5,5,5,Restaurant,0
921,R_1DU3G81jNMBzMVJ,Visual,2,19,5,6,6,5.666666667,Restaurant,1
922,R_3mfxsQeQMZ0A32s,Auditory,1,25,6,6,5,5.666666667,Restaurant,1
923,R_uqtXLf5F2Vo073H,Visual,2,54,5,5,5,5,Restaurant,0
924,R_3nrr74EWgOlOmRt,Auditory,1,30,6,5,4,5,Restaurant,0
925,R_3QPEYLl5HSJfUu1,Auditory,2,26,6,5,2,4.333333333,Restaurant,1
926,R_2uqQMIvIwtAO4GB,Auditory,1,43,7,8,6,7,Restaurant,1
927,R_2sWMYlsFEvbVLwi,Visual,1,28,2,3,2,2.333333333,Restaurant,0
928,R_3gMK7cfyAIuS93J,Auditory,2,20,7,6,5,6,Restaurant,1
929,R_30r9R4btvwQ7wQF,Auditory,2,28,6,5,3,4.666666667,Restaurant,0
930,R_sj3MCr3QAwBMnSx,Visual,1,44,7,8,8,7.666666667,Restaurant,0
931,R_r85edC2og2jCFgt,Visual,1,20,5,4,5,4.666666667,Restaurant,0
932,R_1QrOeCRka57K3Fa,Visual,2,61,7,8,8,7.666666667,Restaurant,1
933,R_2fDJhUkrpJgGU22,Visual,1,23,5,6,3,4.666666667,Restaurant,0
934,R_2QWjD3OqsMlgtEp,Auditory,1,57,6,6,5,5.666666667,Restaurant,0
935,R_1n0DBt3OabEuCrq,Auditory,1,51,6,6,5,5.666666667,Restaurant,1
936,R_0B1djZXLgse1gSR,Auditory,2,24,5,6,7,6,Restaurant,1
937,R_2WDqrF3lQ9KRCKJ,Visual,2,28,6,6,7,6.333333333,Restaurant,0
938,R_2ruOHdtIdvT2RSb,Auditory,1,65,8,8,8,8,Restaurant,0
939,R_3O85blvyD2GTlSJ,Auditory,2,21,6,7,5,6,Restaurant,1
940,R_1OOk8zN3dJA8WlF,Visual,1,54,6,6,5,5.666666667,Restaurant,0
941,R_3mkOh98pnI0z9gn,Visual,2,30,7,7,7,7,Restaurant,0
942,R_1LMNTwSFjecajp6,Visual,1,27,2,5,3,3.333333333,Restaurant,0
943,R_1pDpa5AsJQuCOCK,Auditory,2,23,3,2,2,2.333333333,Restaurant,0
944,R_1i4esnGsyy4jHxN,Visual,2,26,7,7,8,7.333333333,Restaurant,0
945,R_1C1KOF1aEdIhQa0,Auditory,2,29,4,5,5,4.666666667,Restaurant,0
946,R_3lEVUoRkgn1j4Rb,Visual,1,20,4,5,4,4.333333333,Restaurant,0
947,R_2yshMalP4Y9Ie6x,Visual,2,30,9,7,5,7,Restaurant,1
948,R_2y72t7TFcX7iqxY,Visual,1,27,2,3,3,2.666666667,Restaurant,0
949,R_2OTFPVVqa5AXPFA,Auditory,1,41,5,5,5,5,Restaurant,1
950,R_2t35SHfRfXtq3D2,Visual,1,27,4,5,5,4.666666667,Restaurant,0
951,R_r9HegcG2KqgvFD3,Visual,2,24,8,8,9,8.333333333,Restaurant,1
952,R_1mmlFE0VEarcXBM,Visual,2,32,8,8,7,7.666666667,Restaurant,1
953,R_2uCnLHcn0k9hB5a,Visual,1,30,6,7,6,6.333333333,Restaurant,1
954,R_123lAMmRNkFX0IH,Visual,1,21,4,5,6,5,Restaurant,0
955,R_11ZoanF3XJsVyKk,Visual,1,44,5,7,7,6.333333333,Restaurant,1
956,R_27Ek1gWyMtz5Gpp,Auditory,1,34,2,3,2,2.333333333,Restaurant,0
957,R_UQhzmCsWIZnHiUh,Auditory,2,49,3,2,1,2,Restaurant,1
958,R_wRBfJnYKPqUFqtX,Visual,1,22,6,6,5,5.666666667,Restaurant,0
959,R_0BXZxJncX8EWh2N,Auditory,2,37,6,6,6,6,Restaurant,0
960,R_1CjZb4mrvauE9Rx,Auditory,2,52,5,5,5,5,Restaurant,0
961,R_sYltHAiDg8fBZtv,Auditory,2,31,5,5,3,4.333333333,Restaurant,0
962,R_25Lcs1sWUE2gz0I,Auditory,1,39,7,5,2,4.666666667,Restaurant,0
963,R_3gToHP7QCOn0fRG,Visual,2,46,5,5,3,4.333333333,Restaurant,0
964,R_3KJDtvrxlYzhdBB,Auditory,1,59,8,8,5,7,Restaurant,0
965,R_3ELpw9S3bsMZ3xj,Visual,2,21,6,5,6,5.666666667,Restaurant,0
966,R_2Cp579ZcqMekCco,Visual,1,18,6,6,6,6,Restaurant,0
967,R_2aQySJpz2KBzC1q,Visual,2,47,4,4,5,4.333333333,Restaurant,0
968,R_vIHHl7k2N9MLaHD,Auditory,1,58,6,6,4,5.333333333,Restaurant,1
969,R_DnSbLn4PLMARARz,Visual,1,32,5,5,5,5,Restaurant,1
970,R_3ozlB2hpqwnSict,Auditory,1,49,7,7,7,7,Restaurant,1
971,R_3qPRu70hlV7sbM1,Visual,2,26,7,6,6,6.333333333,Restaurant,1
972,R_1jTygjXiI3wynvA,Auditory,2,20,5,4,9,6,Restaurant,0
973,R_3JrPYY8wSIkuOKA,Visual,2,21,9,9,9,9,Restaurant,0
974,R_2aytSaNOtm8JCjy,Auditory,2,22,5,5,5,5,Restaurant,0
975,R_1NleEwcumkhEMFk,Auditory,1,24,6,7,6,6.333333333,Restaurant,1
976,R_5aw80WEBtcT5avL,Auditory,1,33,6,5,4,5,Restaurant,0
977,R_2VkapX86E2OWQp7,Visual,2,34,2,5,5,4,Restaurant,0
978,R_1fkfQ3QzJC4t8e8,Auditory,2,33,5,1,2,2.666666667,Restaurant,0
979,R_2tA80Bg1wGJpm2z,Auditory,1,25,7,7,6,6.666666667,Restaurant,1
980,R_usKEMYIJzLIanC1,Auditory,1,44,5,4,4,4.333333333,Restaurant,0
981,R_3TVaM9pWWLX5QCR,Visual,2,35,8,8,9,8.333333333,Restaurant,0
982,R_0koFadFu2dQdIVH,Auditory,1,20,5,5,4,4.666666667,Restaurant,1
983,R_ezmmGABxAnIDg89,Visual,1,19,6,5,4,5,Restaurant,0
984,R_2V1JfNl3ENdzgOu,Visual,2,41,5,5,5,5,Restaurant,0
985,R_2WZieJpF8SgdrL8,Auditory,2,21,7,5,7,6.333333333,Restaurant,1
986,R_2RQdyjE25hltiP4,Auditory,2,34,1,1,1,1,Restaurant,0
987,R_3hu0KJidqAIHdPQ,Visual,2,26,7,3,3,4.333333333,Restaurant,0
988,R_3maXxIGvjHJ5xJY,Visual,1,44,7,7,7,7,Restaurant,1
989,R_2TQTZyFoSP3r8vB,Auditory,1,47,4,4,4,4,Restaurant,1
990,R_23fchg2VSZLGSlE,Visual,1,42,9,7,8,8,Restaurant,1
991,R_1pGWfaJGruQKolq,Visual,1,38,4,5,3,4,Restaurant,0
992,R_3k7mP9IqJMtXvYZ,Auditory,2,45,5,5,5,5,Restaurant,0
993,R_1lnPYkQ5l7nJxmI,Auditory,2,32,9,9,1,6.333333333,Restaurant,1
994,R_USInqQGroSd3Txf,Auditory,1,37,2,2,2,2,Restaurant,1
995,R_12uwgtwsK7GsezB,Auditory,2,52,8,8,8,8,Restaurant,1
996,R_BXqZsmbuVlgbSKt,Visual,2,33,9,9,9,9,Restaurant,1
997,R_1DU0UqVo6dQSGzF,Auditory,1,19,4,4,7,5,Restaurant,0
998,R_2w4viG8KN9k2ayn,Visual,1,36,5,5,5,5,Restaurant,1
999,R_2doms7LF3ypnUoy,Visual,2,20,3,5,3,3.666666667,Restaurant,0
1000,R_2PkeNMmAkfCKaHO,Auditory,2,43,7,7,7,7,Restaurant,0
1001,R_3Ky0BvTReiwmxhy,Visual,1,22,4,4,8,5.333333333,Restaurant,0
1002,R_3KBWFeBiSkHryLq,Auditory,1,44,6,4,4,4.666666667,Restaurant,0
1003,R_3NSRdWmm0MklFK1,Visual,2,30,5,5,7,5.666666667,Restaurant,0
1004,R_Q5GKNQeZLUHJChz,Visual,1,26,7,6,6,6.333333333,Restaurant,0
1005,R_ONAaupLDo7n5AwF,Auditory,2,35,5,6,1,4,Restaurant,0
1006,R_1gelF4XZcFwgdxB,Visual,1,23,7,7,7,7,Restaurant,1
1007,R_Y5ZIO4qXTGxgRRD,Auditory,2,29,6,4,5,5,Restaurant,1
1008,R_71fB75IHp7FyLOF,Visual,2,28,5,5,5,5,Restaurant,0
1009,R_eFM6HE3DDAhJ8wp,Auditory,2,21,6,7,3,5.333333333,Restaurant,0
1010,R_1C2dldCP1WUlIvw,Visual,1,18,5,5,5,5,Restaurant,0
1011,R_2BfcB74BhNHtLeP,Auditory,2,30,3,5,4,4,Restaurant,0
1012,R_2vdmswQPOYZLgKk,Auditory,1,68,5,5,5,5,Restaurant,0
1013,R_brw6ztCMTTVCow1,Visual,1,25,5,4,5,4.666666667,Restaurant,0
1014,R_3kERbDLXsaKUOXE,Auditory,1,41,3,5,5,4.333333333,Restaurant,0
1015,R_27VWk9YJRp278u0,Auditory,2,31,3,5,3,3.666666667,Restaurant,0
1016,R_3Op0MKaHVhhZyTO,Visual,1,38,6,5,6,5.666666667,Restaurant,0
1017,R_yrwZsoVaO7AX89b,Visual,1,41,7,7,6,6.666666667,Restaurant,1
1018,R_1F2Fseq9ZML0LCz,Visual,1,31,7,7,7,7,Restaurant,1
1019,R_3q8qGFGtmqt5i2I,Auditory,1,25,6,5,5,5.333333333,Restaurant,0
1020,R_p6kduaRfOSKsxaN,Auditory,1,31,7,7,7,7,Restaurant,1
1021,R_3fK1WmgiR5g0VX6,Auditory,1,56,8,8,8,8,Restaurant,1
1022,R_sHGOuYGsX7RkyhH,Auditory,2,29,4,5,4,4.333333333,Restaurant,1
1023,R_2ipVdJnbDXDN6uZ,Auditory,2,29,9,9,9,9,Restaurant,1
1024,R_1GDeHUMb7m5qgCK,Visual,2,33,8,8,8,8,Restaurant,0
1025,R_2zunKHRKusVZupW,Visual,2,36,5,5,5,5,Restaurant,0
1026,R_3et5y1Bp3e4siwd,Visual,1,19,5,5,4,4.666666667,Restaurant,1
1027,R_2q7YDxEuholuIQl,Auditory,2,25,9,9,9,9,Restaurant,1
1028,R_3PuIyzj2LRGKTF4,Auditory,2,68,5,5,5,5,Restaurant,0
1029,R_yVh1dnt65T4sTfz,Auditory,2,51,6,6,4,5.333333333,Restaurant,0
1030,R_21zyXC5PZzwTvxB,Visual,1,28,3,4,2,3,Restaurant,0
1031,R_1ocDnDnCuELxMeu,Auditory,1,24,7,7,9,7.666666667,Restaurant,0
1032,R_1qb1l0eXNbtXs8s,Visual,2,33,4,5,4,4.333333333,Restaurant,0
1033,R_1gkDZ1h8IgLBo0v,Visual,1,18,1,5,3,3,Restaurant,0
1034,R_240nY7d1ToFcugA,Visual,2,27,7,7,7,7,Restaurant,0
1035,R_30c2RnuUa10SFlM,Auditory,1,30,3,5,2,3.333333333,Restaurant,0
1036,R_1k2nftjObMliUjI,Visual,1,19,7,7,8,7.333333333,Restaurant,1
1037,R_3lrIZJeiDKXRwI7,Visual,1,36,6,8,5,6.333333333,Restaurant,1
1038,R_3lQtsSKEyBVnLdW,Auditory,2,43,6,5,5,5.333333333,Restaurant,1
1039,R_3mdUz5mUSp4HtOR,Visual,2,20,7,5,5,5.666666667,Restaurant,0
1040,R_1erV5oQYnYepRYU,Auditory,2,46,5,5,5,5,Restaurant,0
1041,R_1mq3bQNz1ovBWRq,Visual,1,33,7,6,7,6.666666667,Restaurant,0
1042,R_22Yr2NCIFcIhbo1,Visual,1,21,5,6,4,5,Restaurant,0
1043,R_0ihdP3hbI2Au7YJ,Visual,1,46,3,3,3,3,Restaurant,0
1044,R_vktPIwEskvI2mSB,Auditory,1,27,3,3,3,3,Restaurant,0
1045,R_2WMzbf0J2MFwWnR,Visual,2,32,6,7,6,6.333333333,Restaurant,0
1046,R_Rzc0vXLBElj7OjD,Auditory,1,20,6,7,7,6.666666667,Restaurant,0
1047,R_2ZCAlatOcM5Vbmu,Visual,1,64,6,5,1,4,Restaurant,0
1048,R_2EieplRtLgGPJtR,Auditory,2,29,7,7,4,6,Restaurant,0
1049,R_OQcVhT8l3Wb0V7r,Auditory,1,23,7,8,4,6.333333333,Restaurant,0
1050,R_2RPRKXJC2Qi3sbl,Auditory,2,33,7,7,6,6.666666667,Restaurant,1
1051,R_29M42LjlQvcq72V,Auditory,2,26,9,9,9,9,Restaurant,0
1052,R_wZPaE0tKf502Dbb,Auditory,1,22,3,3,5,3.666666667,Restaurant,0
1053,R_2BnW0iBtWtZSk38,Visual,2,19,8,8,7,7.666666667,Restaurant,0
1054,R_1ghWK5xioSHk384,Visual,2,62,5,5,5,5,Restaurant,0
1055,R_3WS7WeCuzDNeZNf,Auditory,1,21,6,5,4,5,Restaurant,0
1056,R_43kaOMLeiG7DNO9,Visual,1,27,8,8,4,6.666666667,Restaurant,0
1057,R_tSw3FCdDdjFhdAd,Auditory,1,59,7,7,7,7,Restaurant,0
1058,R_3PcxXoN4KOpamIy,Auditory,1,45,6,5,5,5.333333333,Restaurant,1
1059,R_vOHGfpDzYVjgm41,Visual,1,27,8,8,8,8,Restaurant,1
1060,R_1n2cPw1C4KClDn0,Visual,2,50,5,5,7,5.666666667,Restaurant,0
1061,R_2ckNXhG0o0St75y,Visual,1,45,2,2,2,2,Restaurant,0
1062,R_2DZCRtpJnX5Ah9o,Visual,2,49,3,4,4,3.666666667,Restaurant,0
1063,R_28SfbeVwK2WqRQK,Auditory,2,21,4,5,6,5,Restaurant,1
1064,R_1n0zu92DrqpYgct,Auditory,2,20,7,7,6,6.666666667,Restaurant,1
1065,R_1mr73QlFtWQ6K3A,Visual,1,38,3,5,2,3.333333333,Restaurant,1
1066,R_0jtzWpZ52eH7jdT,Visual,2,27,9,9,9,9,Restaurant,1
1067,R_3ni8Bq4u3hLoL6C,Visual,1,36,6,6,5,5.666666667,Restaurant,0
1068,R_11X8Za5JXum2ip0,Auditory,1,55,5,5,3,4.333333333,Restaurant,0
1069,R_2wt6ukFLtsr3cnN,Auditory,2,26,6,5,5,5.333333333,Restaurant,0
1070,R_riPvb08D3Gu8o5H,Auditory,2,21,9,7,9,8.333333333,Restaurant,1
1071,R_1HpKURVrXkcrhdR,Auditory,2,28,5,5,5,5,Restaurant,0
1072,R_2YnvsI7OWmL9sHL,Visual,1,42,7,7,7,7,Restaurant,1
1073,R_D1TW6knMf1hPCUx,Auditory,1,22,7,5,3,5,Restaurant,0
1074,R_1K46FGEOMbfEELT,Auditory,1,47,3,3,2,2.666666667,Restaurant,0
1075,R_1CyKc5RKiVLsoYW,Visual,2,25,6,6,5,5.666666667,Restaurant,1
1076,R_10TS3AyFUfmp2hr,Auditory,1,18,9,4,1,4.666666667,Restaurant,0
1077,R_3foZGT2UaAyKYv4,Auditory,2,73,2,1,2,1.666666667,Restaurant,0
1078,R_3s0nKchdwAnSoKk,Visual,2,39,7,7,7,7,Restaurant,0
1079,R_3kq7L6WQ1Y8uFI6,Visual,2,43,9,8,6,7.666666667,Restaurant,0
1080,R_23fvzwL1VZNa8Hn,Visual,3,21,5,5,5,5,Restaurant,1
1081,R_1onglgkrPqODgm5,Auditory,1,32,7,4,5,5.333333333,Restaurant,1
1082,R_2qe19Cq8txvASa3,Visual,1,42,7,7,7,7,Restaurant,1
1083,R_3O0kZEJzF8gqs9s,Visual,1,26,6,6,5,5.666666667,Restaurant,1
1084,R_bNk57weSiBv5dzb,Visual,2,37,9,9,7,8.333333333,Restaurant,0
1085,R_1H8NmcKmVpCkqQS,Auditory,2,51,4,5,5,4.666666667,Restaurant,1
1086,R_2RPsKYbtTBiS6bH,Visual,1,26,4,5,4,4.333333333,Restaurant,0
1087,R_3O819rCZ75K24Vq,Visual,1,18,7,5,6,6,Restaurant,1
1088,R_2v1SGNM2d8T3Vgt,Visual,2,25,9,9,9,9,Restaurant,1
1089,R_yw06ZkdOxjcp6yR,Visual,2,42,8,8,8,8,Restaurant,1
1090,R_2rTViSAoesYMIac,Visual,2,18,7,7,7,7,Restaurant,1
1091,R_2R4gHXFtStNrmT5,Auditory,2,56,3,3,3,3,Restaurant,1
1092,R_2mzsgDfYYMiPuyB,Auditory,1,20,6,7,4,5.666666667,Restaurant,0
1093,R_324vU1p0DwC6YoI,Auditory,2,33,6,6,6,6,Restaurant,0
1094,R_3PN49AV5kXxCPRF,Auditory,1,26,6,7,6,6.333333333,Restaurant,1
1095,R_2dFOjiREMSMk4u9,Auditory,1,24,2,2,3,2.333333333,Restaurant,0
1096,R_3MKA9EZQwpOp0xO,Auditory,2,53,3,3,3,3,Restaurant,1
1097,R_264MrkGyvydhNzo,Auditory,1,41,6,6,6,6,Restaurant,1
1098,R_3P6PfKUbR20yGTn,Visual,1,24,5,4,5,4.666666667,Restaurant,1
1099,R_3MiIjwZ0w85505z,Visual,2,46,6,5,6,5.666666667,Restaurant,0
1100,R_33e8mBeu5nyo47N,Auditory,1,37,4,4,4,4,Restaurant,0
1101,R_2wgKAhNTQoqxjUG,Auditory,1,19,4,4,4,4,Restaurant,0
1102,R_2Yri6UDrrAEzz5Y,Auditory,1,28,8,5,5,6,Restaurant,0
1103,R_3Nwl4Ys4SNi51cR,Auditory,1,44,3,3,4,3.333333333,Restaurant,0
1104,R_1mUgVFbhKvausbr,Visual,2,19,6,4,3,4.333333333,Restaurant,0
1105,R_1qfgkVGT7YYLEVI,Visual,2,52,4,8,6,6,Restaurant,0
1106,R_30oXrBhrQKWCy03,Visual,1,52,5,5,5,5,Restaurant,0
1107,R_3m1Ynt0wF7eC67a,Visual,2,26,9,9,9,9,Restaurant,1
1108,R_cwEJ4dbEWM9eEtr,Auditory,1,32,6,5,5,5.333333333,Restaurant,0
1109,R_2dL04XtJJCJWi2w,Auditory,2,23,6,7,6,6.333333333,Restaurant,0
1110,R_2R4xfCh8sR5RPin,Visual,1,21,7,6,7,6.666666667,Restaurant,0
1111,R_1IMISbaUR54aaD4,Auditory,1,72,7,7,6,6.666666667,Restaurant,0
1112,R_O1qCDCLO3uuN9ER,Visual,1,53,6,6,6,6,Restaurant,0
1113,R_1dmZLucTGjJlZUJ,Auditory,2,40,5,1,5,3.666666667,Restaurant,0
1114,R_YbLZy0RuCkPquv7,Auditory,1,51,5,3,3,3.666666667,Restaurant,0
1115,R_2WSdcM3PLjAi4aq,Auditory,1,26,6,4,4,4.666666667,Restaurant,1
1116,R_aVks7VjarwlDOA9,Visual,2,54,7,7,7,7,Restaurant,1
1117,R_2R8icqi5vXDXwvf,Visual,1,21,7,6,7,6.666666667,Restaurant,1
1118,R_2TZXlcQQtx98YNP,Auditory,1,29,4,3,6,4.333333333,Restaurant,0
1119,R_3338PDm5z8NcW5N,Auditory,2,51,2,3,1,2,Restaurant,0
1120,R_3k4BCPyqJFqGuAQ,Auditory,1,66,3,5,3,3.666666667,Restaurant,0
1121,R_2ZCWXDr0qJFF1uh,Auditory,1,54,3,5,5,4.333333333,Restaurant,0
1122,R_1ilejStXMdBhx1E,Visual,2,51,5,7,4,5.333333333,Restaurant,0
1123,R_3DqIyWYrYPOdUK8,Auditory,1,32,7,7,7,7,Restaurant,1
1124,R_1feBndJPEeM0Y0Y,Visual,2,58,7,7,6,6.666666667,Restaurant,1
1125,R_RJEHuuSbDXkZjAB,Visual,1,43,5,6,4,5,Restaurant,1
1126,R_2tMv6mRIhezt7CD,Auditory,1,45,5,1,1,2.333333333,Restaurant,0
1127,R_22raUoY119y3ktE,Auditory,1,38,4,3,2,3,Restaurant,0
1128,R_29obQhZ48nIYIE1,Visual,2,31,7,7,8,7.333333333,Restaurant,0
1129,R_3ipYQFoXdYjMkmm,Visual,2,26,7,7,7,7,Restaurant,1
1130,R_RgdHgbvyC3szQfD,Auditory,1,32,7,7,6,6.666666667,Restaurant,0
1131,R_3e3k4i5cMyfdXXR,Visual,2,47,6,7,6,6.333333333,Restaurant,0
1132,R_UsZH5g09wIL1SQ9,Auditory,1,68,3,6,5,4.666666667,Restaurant,0
1133,R_2fwg9QccOgzKLg8,Visual,1,24,4,5,5,4.666666667,Restaurant,0
1134,R_3MtfEn1apWsotho,Visual,1,40,5,5,6,5.333333333,Restaurant,0
1135,R_2SfqNaklzRFShJW,Auditory,2,26,3,4,3,3.333333333,Restaurant,0
1136,R_1mJGPEp4pnXBa3a,Visual,2,63,5,4,6,5,Restaurant,0
1137,R_2sYA9a1jPrNq0zg,Visual,1,30,7,7,5,6.333333333,Restaurant,0
1138,R_2Ep0jauqfMaC8R0,Auditory,1,27,7,5,3,5,Restaurant,1
1139,R_2uU5KfppomPUn3y,Visual,1,33,2,2,1,1.666666667,Restaurant,0
1140,R_Wc8xASjY3dhumZ3,Auditory,1,38,7,7,5,6.333333333,Restaurant,1
1141,R_xtjnJkanp5BTVUR,Visual,1,30,6,6,4,5.333333333,Restaurant,0
1142,R_ZEQyyCeddNIpnih,Visual,2,29,3,3,2,2.666666667,Restaurant,0
1143,R_YS5g28Ptcs9RFo5,Visual,2,26,4,5,3,4,Restaurant,0
1144,R_40BG848BKycpDW1,Auditory,2,51,3,5,3,3.666666667,Restaurant,0
1145,R_3oLVFsjMsXpD3tk,Visual,1,30,6,7,8,7,Restaurant,0
1146,R_3HpgicV8p9rXGNb,Visual,2,38,5,5,5,5,Restaurant,0
1147,R_3fK7YwUwyl95WQs,Auditory,1,18,5,5,3,4.333333333,Restaurant,0
1148,R_2R96SXKDEjX0pLt,Auditory,2,18,4,5,4,4.333333333,Restaurant,0
1149,R_3n6oUUs5iO5nsKO,Auditory,2,56,7,6,6,6.333333333,Restaurant,1
1150,R_1hAy7yfWQsGhYuo,Visual,1,23,8,8,7,7.666666667,Restaurant,0
1151,R_SOD6bNr2QM9jUHv,Auditory,1,22,6,5,4,5,Restaurant,0
1152,R_OjSZfDE7OBqrdgB,Visual,2,48,1,5,1,2.333333333,Restaurant,0
1153,R_29bQxFZxPxG746P,Auditory,1,29,6,7,6,6.333333333,Restaurant,1
1154,R_ZxTdpN9ooVmG4KZ,Auditory,2,62,6,6,5,5.666666667,Restaurant,0
1155,R_1HcykyOUoI464jK,Auditory,2,43,1,1,1,1,Restaurant,0
1156,R_1qh4ekbhUvGH6ad,Auditory,2,21,3,5,5,4.333333333,Restaurant,0
1157,R_3shmaMPMQFDkp2i,Auditory,2,31,5,2,2,3,Restaurant,0
1158,R_3ipNYl70oUXaWfj,Auditory,1,27,6,5,5,5.333333333,Restaurant,0
1159,R_120bD4VtWiO2hBk,Visual,1,31,5,5,5,5,Restaurant,0
1160,R_uyquEgwvz9E0kil,Visual,1,25,8,8,8,8,Restaurant,0
1161,R_sH8TkcywQ3A7ryh,Visual,2,43,5,5,5,5,Restaurant,0
1162,R_2Sw65hhRbVqzgQP,Visual,2,69,5,7,3,5,Restaurant,0
1163,R_1q51DMAfmat5eSM,Visual,2,22,6,6,4,5.333333333,Restaurant,0
1164,R_1HibILsyjhItoM9,Auditory,1,36,5,5,5,5,Restaurant,0
1165,R_2c27Fzm396hXsde,Visual,2,44,5,6,6,5.666666667,Restaurant,0
1166,R_095xf3sHSUDZMgV,Auditory,1,24,6,5,4,5,Restaurant,0
1167,R_2RaA3ucC69q6jaX,Auditory,2,33,5,6,7,6,Restaurant,1
1168,R_xnFncZgu2UsaEZb,Visual,1,37,6,6,7,6.333333333,Restaurant,0
1169,R_1q2hWdhV1mnp91c,Visual,2,34,6,6,6,6,Restaurant,0
1170,R_przHuOvhhGV5VeN,Auditory,2,31,5,5,3,4.333333333,Restaurant,0
1171,R_1Lnj51D5n7e7yqN,Auditory,2,59,8,7,5,6.666666667,Restaurant,1
1172,R_3ilo3S2mZwaGk38,Visual,2,54,5,5,5,5,Restaurant,0
1173,R_3MEklDnJ2wbWxd8,Visual,1,55,7,7,5,6.333333333,Restaurant,0
1174,R_1nZmtKiFNb6jb38,Auditory,2,36,5,5,5,5,Restaurant,0
1175,R_12KAigVbfBdOvDD,Visual,2,20,5,5,5,5,Restaurant,1
1176,R_27UsoDmXy0eQSIs,Visual,2,41,5,5,5,5,Restaurant,0
1177,R_2rTI2UHq4kKg65y,Visual,2,35,5,6,6,5.666666667,Restaurant,0
1178,R_RgEdb4lE5U1Q3zH,Auditory,2,31,1,2,1,1.333333333,Restaurant,0
1179,R_3PzpU9o2gxkAAnl,Visual,2,33,6,5,7,6,Restaurant,0
1180,R_2YxM5Z2ykVvhjUY,Auditory,1,42,5,4,4,4.333333333,ExtensionCord,1
1181,R_2ea3ElcjT0YlUYZ,Auditory,2,28,8,7,7,7.333333333,ExtensionCord,1
1182,R_1IKwHgKpp7FZINx,Visual,2,34,6,6,6,6,ExtensionCord,1
1183,R_qPdZEPblOw42JHj,Auditory,1,28,7,7,7,7,ExtensionCord,0
1184,R_3Mb4OjDgaQD1kbD,Visual,2,46,8,8,8,8,ExtensionCord,1
1185,R_2qwOoroF4bt2LA4,Visual,1,21,4,5,4,4.333333333,ExtensionCord,0
1186,R_1P0JAmdEz4SzI8f,Auditory,2,24,8,6,7,7,ExtensionCord,1
1187,R_efTRpLG6IdnkwvL,Visual,2,29,6,6,5,5.666666667,ExtensionCord,0
1188,R_22M7u8UK82jqIY8,Auditory,1,64,6,5,5,5.333333333,ExtensionCord,1
1189,R_2104w0w1awHaAIi,Visual,2,26,3,5,6,4.666666667,ExtensionCord,0
1190,R_3NKTOlPWndypDZH,Auditory,2,30,7,6,3,5.333333333,ExtensionCord,1
1191,R_1nVipWogqD6bY16,Visual,1,49,6,7,3,5.333333333,ExtensionCord,0
1192,R_3Rh1sVJHmDgRtqo,Visual,1,19,9,9,7,8.333333333,ExtensionCord,1
1193,R_2BfCkmFZGQDBOtJ,Auditory,2,32,7,3,7,5.666666667,ExtensionCord,1
1194,R_3kLL3W1BQisyLzG,Auditory,2,26,4,4,3,3.666666667,ExtensionCord,0
1195,R_2xRyzj70KxThu5n,Visual,1,19,6,7,7,6.666666667,ExtensionCord,1
1196,R_1N3rhujt1k1NKWm,Auditory,1,34,5,5,1,3.666666667,ExtensionCord,1
1197,R_3n61X85uBy5Dbqz,Auditory,1,32,4,5,5,4.666666667,ExtensionCord,0
1198,R_3MmNMeVPFcrge8P,Visual,1,44,9,7,9,8.333333333,ExtensionCord,1
1199,R_1Kx6KScNWPFqKPw,Visual,1,33,4,4,4,4,ExtensionCord,1
1200,R_1JQLGBce6YBr8tl,Visual,2,22,5,5,5,5,ExtensionCord,1
1201,R_2YLg4T6gQ1hxGdS,Auditory,2,57,8,8,5,7,ExtensionCord,1
1202,R_w17AmL0xY3aODPX,Auditory,1,18,4,5,5,4.666666667,ExtensionCord,1
1203,R_3qZJkqRsAo2iNlM,Auditory,1,18,6,4,6,5.333333333,ExtensionCord,1
1204,R_1I3E3Xujw48wGMk,Visual,2,24,6,5,5,5.333333333,ExtensionCord,0
1205,R_22o9FLVHKzQ9INO,Visual,2,22,7,7,8,7.333333333,ExtensionCord,1
1206,R_2zHXzxOqssI5r9G,Auditory,2,59,3,3,3,3,ExtensionCord,1
1207,R_6tcVzd7ltbF75PX,Visual,1,21,9,8,8,8.333333333,ExtensionCord,1
1208,R_SBimuRwRtEVcD3r,Auditory,2,40,8,9,8,8.333333333,ExtensionCord,1
1209,R_3fvETwwfIcoBzDa,Visual,2,19,9,9,9,9,ExtensionCord,1
1210,R_9YNISyAMJAZAsTL,Visual,1,19,3,5,5,4.333333333,ExtensionCord,0
1211,R_2X04eK7MCnmCXJx,Auditory,1,18,6,3,5,4.666666667,ExtensionCord,1
1212,R_1Ftz2rDpXCyLmsw,Auditory,1,32,5,5,6,5.333333333,ExtensionCord,1
1213,R_330W3Jf5sgztDJT,Auditory,1,35,6,6,6,6,ExtensionCord,1
1214,R_1DAUGJX2XhNpUHl,Auditory,2,24,6,5,4,5,ExtensionCord,0
1215,R_WckmXI9Efsh3UKB,Visual,2,25,9,9,9,9,ExtensionCord,1
1216,R_1gts2F2Jq16wqRR,Visual,1,39,3,3,3,3,ExtensionCord,1
1217,R_1GPSIBxIp7TqNHW,Auditory,1,28,8,7,7,7.333333333,ExtensionCord,0
1218,R_viVtYMi6fbbbYMp,Auditory,1,35,7,7,6,6.666666667,ExtensionCord,1
1219,R_3Hwvdvo3i9yfEdz,Visual,1,27,3,2,3,2.666666667,ExtensionCord,1
1220,R_3nIzT8WzpYRzppQ,Auditory,2,20,7,8,7,7.333333333,ExtensionCord,1
1221,R_1Nag6wdBKi14cLT,Visual,1,20,4,4,4,4,ExtensionCord,1
1222,R_2ZIEIwrKR3tiapH,Visual,1,25,6,7,7,6.666666667,ExtensionCord,1
1223,R_1eVLbNymm9AutVY,Visual,2,29,5,5,5,5,ExtensionCord,1
1224,R_1rP1xur8NDBbc8y,Visual,1,27,7,6,7,6.666666667,ExtensionCord,0
1225,R_1rk3vdV7jDF3IqV,Visual,2,18,6,7,7,6.666666667,ExtensionCord,0
1226,R_1ge9LEO8WTy1ty9,Auditory,1,48,8,8,5,7,ExtensionCord,1
1227,R_VP5Y3Ly3gfiBv9v,Auditory,2,19,2,4,5,3.666666667,ExtensionCord,1
1228,R_10PoLAGqy0r9ian,Auditory,2,68,6,5,3,4.666666667,ExtensionCord,0
1229,R_3oXZIAhMGyrd4Qf,Visual,1,41,9,9,9,9,ExtensionCord,1
1230,R_11dMZJq9OORNrko,Auditory,2,26,7,5,3,5,ExtensionCord,1
1231,R_2Y9yqZyHa9bwZCI,Visual,1,55,5,5,5,5,ExtensionCord,1
1232,R_210p1f7sXA6Rmz1,Auditory,2,19,3,7,7,5.666666667,ExtensionCord,1
1233,R_1JL23tdXV8GuoGG,Visual,1,28,6,7,5,6,ExtensionCord,1
1234,R_1E71jA1u8wHNMuj,Auditory,2,24,2,3,4,3,ExtensionCord,0
1235,R_STSCqMQyg7MwNep,Auditory,2,33,9,7,8,8,ExtensionCord,1
1236,R_RsLJGGXygcadj9L,Visual,2,36,6,6,6,6,ExtensionCord,0
1237,R_1QL3rGivXT9YDgD,Auditory,1,27,8,8,8,8,ExtensionCord,1
1238,R_3LYK3jKjzaEn9js,Visual,1,22,5,5,4,4.666666667,ExtensionCord,0
1239,R_3enrwDUCwgWr9kw,Auditory,2,25,4,5,5,4.666666667,ExtensionCord,0
1240,R_a4aHKD719AlVyxj,Auditory,2,27,7,6,7,6.666666667,ExtensionCord,1
1241,R_1NFdq5HaXsDhLZW,Auditory,2,27,8,7,8,7.666666667,ExtensionCord,1
1242,R_1FfAuskZNmrWTNW,Visual,2,28,5,5,6,5.333333333,ExtensionCord,0
1243,R_1FD1fLO21U89EYQ,Visual,2,30,5,6,5,5.333333333,ExtensionCord,0
1244,R_2Ys0HD2mtcW6tbz,Visual,1,44,6,6,6,6,ExtensionCord,0
1245,R_1rqAFcAbS4X5kMl,Auditory,2,18,7,7,6,6.666666667,ExtensionCord,1
1246,R_2DTfzEm6oaBfsjW,Visual,1,43,7,7,8,7.333333333,ExtensionCord,1
1247,R_3G7id5YcTk1xJls,Auditory,2,41,6,4,4,4.666666667,ExtensionCord,1
1248,R_129GuI9by9671Sv,Visual,1,40,6,6,6,6,ExtensionCord,0
1249,R_10pZTWSgUabTbpr,Auditory,1,35,8,8,8,8,ExtensionCord,1
1250,R_DcbsI9riGB5xNLj,Visual,1,57,6,6,8,6.666666667,ExtensionCord,1
1251,R_3FPrlE8WNz3aUZr,Auditory,1,26,7,7,5,6.333333333,ExtensionCord,1
1252,R_3RlyFGefyQG1m4x,Visual,1,32,3,2,4,3,ExtensionCord,1
1253,R_2YxO313he1f6j8g,Visual,2,19,4,4,4,4,ExtensionCord,1
1254,R_1ovTVuWYV9RJvQ2,Auditory,2,34,6,6,6,6,ExtensionCord,1
1255,R_6DsivtdNuKopUHv,Visual,2,30,8,5,6,6.333333333,ExtensionCord,1
1256,R_qKQ0YPZAP23RSmJ,Auditory,1,19,5,6,6,5.666666667,ExtensionCord,1
1257,R_1hR2qexob7bRHMZ,Visual,1,22,3,5,3,3.666666667,ExtensionCord,0
1258,R_10UxGAUtqK1ZUIC,Visual,1,25,6,6,6,6,ExtensionCord,0
1259,R_1Iimz6k4TveaciX,Visual,1,25,2,2,2,2,ExtensionCord,0
1260,R_1gqmhHTvhvkNOxY,Auditory,2,46,5,5,5,5,ExtensionCord,1
1261,R_2dipEPS33GRq3D7,Auditory,2,27,2,3,2,2.333333333,ExtensionCord,1
1262,R_2dF20pz1BEO7tup,Auditory,2,31,4,4,3,3.666666667,ExtensionCord,1
1263,R_3MS6x49dDLpOF1u,Visual,1,26,4,6,3,4.333333333,ExtensionCord,1
1264,R_PtGfNG0Cuq52EtX,Auditory,1,75,6,5,3,4.666666667,ExtensionCord,1
1265,R_Xj049ygPYOurUSB,Visual,1,35,6,6,4,5.333333333,ExtensionCord,1
1266,R_6SDOoWH3o9KVqXT,Auditory,2,24,8,7,5,6.666666667,ExtensionCord,1
1267,R_3g74nvMlm6liQSx,Auditory,2,55,1,1,1,1,ExtensionCord,1
1268,R_3iClxKfc0CA9Xd6,Visual,2,19,4,5,7,5.333333333,ExtensionCord,0
1269,R_3fqlbEtvkRK1Lbg,Visual,1,26,7,6,9,7.333333333,ExtensionCord,1
1270,R_XMOOTWCHRgkhYch,Visual,1,25,6,6,6,6,ExtensionCord,1
1271,R_3MGXtkcm7c8hFDX,Auditory,2,27,4,5,3,4,ExtensionCord,0
1272,R_yyGuhEhL0rybc9r,Visual,2,37,5,5,6,5.333333333,ExtensionCord,1
1273,R_ddqQcYp51c97AxX,Auditory,1,32,6,6,3,5,ExtensionCord,1
1274,R_3kw9qpnFPePztVz,Auditory,2,38,4,3,3,3.333333333,ExtensionCord,0
1275,R_3ek7d5dLCjmAYWN,Auditory,1,27,9,9,8,8.666666667,ExtensionCord,1
1276,R_2R9Rs1alEF1Bn4n,Visual,1,29,4,6,5,5,ExtensionCord,1
1277,R_11Xdc1g0cJ6kopZ,Auditory,1,18,8,2,2,4,ExtensionCord,1
1278,R_2OZMWcX9sIncOVB,Visual,1,25,5,5,4,4.666666667,ExtensionCord,1
1279,R_40K5LuEq13WSVjj,Visual,1,21,5,5,5,5,ExtensionCord,1
1280,R_3PTvsGUeTx6DZ1s,Auditory,1,24,9,5,8,7.333333333,ExtensionCord,1
1281,R_ST6nmN6hzsesC09,Auditory,2,37,4,3,3,3.333333333,ExtensionCord,1
1282,R_9SPG23dVc3dm1l7,Visual,2,22,3,4,3,3.333333333,ExtensionCord,0
1283,R_C9QYlJZzXVSCLyp,Auditory,1,40,8,8,7,7.666666667,ExtensionCord,1
1284,R_1OHNCYcz6ya9xFo,Visual,2,30,5,5,4,4.666666667,ExtensionCord,1
1285,R_spYt2ZYHt61YOL7,Auditory,2,28,5,6,6,5.666666667,ExtensionCord,1
1286,R_Bxgl1pczf3jkTS1,Visual,2,35,7,7,6,6.666666667,ExtensionCord,1
1287,R_3lGh2HDulNhyCxS,Visual,2,22,7,5,3,5,ExtensionCord,1
1288,R_1l0skb2DdYR61X5,Auditory,2,30,3,4,3,3.333333333,ExtensionCord,1
1289,R_1JQNvQzEgBsMMQC,Visual,2,21,4,4,1,3,ExtensionCord,1
1290,R_3dWXonRPar85bi9,Auditory,2,29,7,6,5,6,ExtensionCord,1
1291,R_2Ym4FaJIQbPjMKi,Visual,1,56,4,4,4,4,ExtensionCord,1
1292,R_1I4xqAj1ToKyWet,Visual,2,26,7,6,6,6.333333333,ExtensionCord,1
1293,R_3pth7kHifkeT1zM,Auditory,1,26,4,4,3,3.666666667,ExtensionCord,0
1294,R_10Vou4yr3DYFi7X,Visual,1,41,2,6,4,4,ExtensionCord,1
1295,R_2WVh0y5Xt7Qq829,Auditory,1,32,7,8,5,6.666666667,ExtensionCord,0
1296,R_W7dwyHPSHsvHyoN,Auditory,1,33,3,3,5,3.666666667,ExtensionCord,1
1297,R_2qDXNVSAcklQCa3,Visual,2,40,7,7,7,7,ExtensionCord,1
1298,R_1CC4FES3v0nAjOS,Auditory,2,32,5,5,5,5,ExtensionCord,1
1299,R_1CDgW1vSW4dLRvd,Visual,1,29,6,6,8,6.666666667,ExtensionCord,0
1300,R_3PH3aWp1N8CkZ7O,Visual,2,41,3,5,4,4,ExtensionCord,1
1301,R_3DpU9rzpKOsABY5,Auditory,2,35,5,3,3,3.666666667,ExtensionCord,1
1302,R_1NsRN12BFqoVzIK,Visual,1,37,5,5,6,5.333333333,ExtensionCord,1
1303,R_D1ArnCyQc2SzCYV,Auditory,2,23,7,6,6,6.333333333,ExtensionCord,0
1304,R_2q8yB8SaUAmnk9K,Visual,1,28,5,5,5,5,ExtensionCord,0
1305,R_2aDzX8NaJejLRg0,Auditory,1,24,6,5,5,5.333333333,ExtensionCord,1
1306,R_3RxrK77FgBYnfCW,Visual,1,33,3,3,4,3.333333333,ExtensionCord,1
1307,R_3J1VgbNTeISUBDW,Visual,2,28,3,4,5,4,ExtensionCord,1
1308,R_1jKcdHe5qlfgGoF,Auditory,2,24,6,7,7,6.666666667,ExtensionCord,1
1309,R_WuRtbrOCY6egqm5,Auditory,1,37,5,5,4,4.666666667,ExtensionCord,1
1310,R_1OVwBwWELRgwAyh,Visual,2,51,4,6,6,5.333333333,ExtensionCord,1
1311,R_ZKQqWxgIyYZm3hn,Auditory,1,21,3,1,1,1.666666667,ExtensionCord,1
1312,R_26aLC8QXnTt1anH,Auditory,2,34,2,5,5,4,ExtensionCord,0
1313,R_OcWFdUpZVsdQbnP,Auditory,1,24,5,5,5,5,ExtensionCord,1
1314,R_1DU3G81jNMBzMVJ,Visual,2,19,5,6,6,5.666666667,ExtensionCord,1
1315,R_3mfxsQeQMZ0A32s,Auditory,1,25,6,6,5,5.666666667,ExtensionCord,1
1316,R_uqtXLf5F2Vo073H,Visual,2,54,5,5,5,5,ExtensionCord,1
1317,R_3nrr74EWgOlOmRt,Auditory,1,30,6,5,4,5,ExtensionCord,1
1318,R_3QPEYLl5HSJfUu1,Auditory,2,26,6,5,2,4.333333333,ExtensionCord,1
1319,R_2uqQMIvIwtAO4GB,Auditory,1,43,7,8,6,7,ExtensionCord,1
1320,R_2sWMYlsFEvbVLwi,Visual,1,28,2,3,2,2.333333333,ExtensionCord,0
1321,R_3gMK7cfyAIuS93J,Auditory,2,20,7,6,5,6,ExtensionCord,1
1322,R_30r9R4btvwQ7wQF,Auditory,2,28,6,5,3,4.666666667,ExtensionCord,1
1323,R_sj3MCr3QAwBMnSx,Visual,1,44,7,8,8,7.666666667,ExtensionCord,1
1324,R_r85edC2og2jCFgt,Visual,1,20,5,4,5,4.666666667,ExtensionCord,0
1325,R_1QrOeCRka57K3Fa,Visual,2,61,7,8,8,7.666666667,ExtensionCord,0
1326,R_2fDJhUkrpJgGU22,Visual,1,23,5,6,3,4.666666667,ExtensionCord,0
1327,R_2QWjD3OqsMlgtEp,Auditory,1,57,6,6,5,5.666666667,ExtensionCord,0
1328,R_1n0DBt3OabEuCrq,Auditory,1,51,6,6,5,5.666666667,ExtensionCord,1
1329,R_0B1djZXLgse1gSR,Auditory,2,24,5,6,7,6,ExtensionCord,1
1330,R_2WDqrF3lQ9KRCKJ,Visual,2,28,6,6,7,6.333333333,ExtensionCord,1
1331,R_2ruOHdtIdvT2RSb,Auditory,1,65,8,8,8,8,ExtensionCord,1
1332,R_3O85blvyD2GTlSJ,Auditory,2,21,6,7,5,6,ExtensionCord,1
1333,R_1OOk8zN3dJA8WlF,Visual,1,54,6,6,5,5.666666667,ExtensionCord,1
1334,R_3mkOh98pnI0z9gn,Visual,2,30,7,7,7,7,ExtensionCord,1
1335,R_1LMNTwSFjecajp6,Visual,1,27,2,5,3,3.333333333,ExtensionCord,0
1336,R_1pDpa5AsJQuCOCK,Auditory,2,23,3,2,2,2.333333333,ExtensionCord,0
1337,R_1i4esnGsyy4jHxN,Visual,2,26,7,7,8,7.333333333,ExtensionCord,0
1338,R_1C1KOF1aEdIhQa0,Auditory,2,29,4,5,5,4.666666667,ExtensionCord,1
1339,R_3lEVUoRkgn1j4Rb,Visual,1,20,4,5,4,4.333333333,ExtensionCord,1
1340,R_2yshMalP4Y9Ie6x,Visual,2,30,9,7,5,7,ExtensionCord,1
1341,R_2y72t7TFcX7iqxY,Visual,1,27,2,3,3,2.666666667,ExtensionCord,0
1342,R_2OTFPVVqa5AXPFA,Auditory,1,41,5,5,5,5,ExtensionCord,1
1343,R_2t35SHfRfXtq3D2,Visual,1,27,4,5,5,4.666666667,ExtensionCord,1
1344,R_r9HegcG2KqgvFD3,Visual,2,24,8,8,9,8.333333333,ExtensionCord,0
1345,R_1mmlFE0VEarcXBM,Visual,2,32,8,8,7,7.666666667,ExtensionCord,1
1346,R_2uCnLHcn0k9hB5a,Visual,1,30,6,7,6,6.333333333,ExtensionCord,1
1347,R_123lAMmRNkFX0IH,Visual,1,21,4,5,6,5,ExtensionCord,1
1348,R_11ZoanF3XJsVyKk,Visual,1,44,5,7,7,6.333333333,ExtensionCord,1
1349,R_27Ek1gWyMtz5Gpp,Auditory,1,34,2,3,2,2.333333333,ExtensionCord,1
1350,R_UQhzmCsWIZnHiUh,Auditory,2,49,3,2,1,2,ExtensionCord,1
1351,R_wRBfJnYKPqUFqtX,Visual,1,22,6,6,5,5.666666667,ExtensionCord,1
1352,R_0BXZxJncX8EWh2N,Auditory,2,37,6,6,6,6,ExtensionCord,1
1353,R_1CjZb4mrvauE9Rx,Auditory,2,52,5,5,5,5,ExtensionCord,1
1354,R_sYltHAiDg8fBZtv,Auditory,2,31,5,5,3,4.333333333,ExtensionCord,1
1355,R_25Lcs1sWUE2gz0I,Auditory,1,39,7,5,2,4.666666667,ExtensionCord,1
1356,R_3gToHP7QCOn0fRG,Visual,2,46,5,5,3,4.333333333,ExtensionCord,0
1357,R_3KJDtvrxlYzhdBB,Auditory,1,59,8,8,5,7,ExtensionCord,1
1358,R_3ELpw9S3bsMZ3xj,Visual,2,21,6,5,6,5.666666667,ExtensionCord,1
1359,R_2Cp579ZcqMekCco,Visual,1,18,6,6,6,6,ExtensionCord,1
1360,R_2aQySJpz2KBzC1q,Visual,2,47,4,4,5,4.333333333,ExtensionCord,0
1361,R_vIHHl7k2N9MLaHD,Auditory,1,58,6,6,4,5.333333333,ExtensionCord,1
1362,R_DnSbLn4PLMARARz,Visual,1,32,5,5,5,5,ExtensionCord,1
1363,R_3ozlB2hpqwnSict,Auditory,1,49,7,7,7,7,ExtensionCord,1
1364,R_3qPRu70hlV7sbM1,Visual,2,26,7,6,6,6.333333333,ExtensionCord,0
1365,R_1jTygjXiI3wynvA,Auditory,2,20,5,4,9,6,ExtensionCord,1
1366,R_3JrPYY8wSIkuOKA,Visual,2,21,9,9,9,9,ExtensionCord,0
1367,R_2aytSaNOtm8JCjy,Auditory,2,22,5,5,5,5,ExtensionCord,1
1368,R_1NleEwcumkhEMFk,Auditory,1,24,6,7,6,6.333333333,ExtensionCord,1
1369,R_5aw80WEBtcT5avL,Auditory,1,33,6,5,4,5,ExtensionCord,1
1370,R_2VkapX86E2OWQp7,Visual,2,34,2,5,5,4,ExtensionCord,0
1371,R_1fkfQ3QzJC4t8e8,Auditory,2,33,5,1,2,2.666666667,ExtensionCord,1
1372,R_2tA80Bg1wGJpm2z,Auditory,1,25,7,7,6,6.666666667,ExtensionCord,1
1373,R_usKEMYIJzLIanC1,Auditory,1,44,5,4,4,4.333333333,ExtensionCord,1
1374,R_3TVaM9pWWLX5QCR,Visual,2,35,8,8,9,8.333333333,ExtensionCord,1
1375,R_0koFadFu2dQdIVH,Auditory,1,20,5,5,4,4.666666667,ExtensionCord,1
1376,R_ezmmGABxAnIDg89,Visual,1,19,6,5,4,5,ExtensionCord,0
1377,R_2V1JfNl3ENdzgOu,Visual,2,41,5,5,5,5,ExtensionCord,1
1378,R_2WZieJpF8SgdrL8,Auditory,2,21,7,5,7,6.333333333,ExtensionCord,1
1379,R_2RQdyjE25hltiP4,Auditory,2,34,1,1,1,1,ExtensionCord,0
1380,R_3hu0KJidqAIHdPQ,Visual,2,26,7,3,3,4.333333333,ExtensionCord,0
1381,R_3maXxIGvjHJ5xJY,Visual,1,44,7,7,7,7,ExtensionCord,1
1382,R_2TQTZyFoSP3r8vB,Auditory,1,47,4,4,4,4,ExtensionCord,1
1383,R_23fchg2VSZLGSlE,Visual,1,42,9,7,8,8,ExtensionCord,1
1384,R_1pGWfaJGruQKolq,Visual,1,38,4,5,3,4,ExtensionCord,1
1385,R_3k7mP9IqJMtXvYZ,Auditory,2,45,5,5,5,5,ExtensionCord,0
1386,R_1lnPYkQ5l7nJxmI,Auditory,2,32,9,9,1,6.333333333,ExtensionCord,1
1387,R_USInqQGroSd3Txf,Auditory,1,37,2,2,2,2,ExtensionCord,1
1388,R_12uwgtwsK7GsezB,Auditory,2,52,8,8,8,8,ExtensionCord,1
1389,R_BXqZsmbuVlgbSKt,Visual,2,33,9,9,9,9,ExtensionCord,1
1390,R_1DU0UqVo6dQSGzF,Auditory,1,19,4,4,7,5,ExtensionCord,0
1391,R_2w4viG8KN9k2ayn,Visual,1,36,5,5,5,5,ExtensionCord,1
1392,R_2doms7LF3ypnUoy,Visual,2,20,3,5,3,3.666666667,ExtensionCord,0
1393,R_2PkeNMmAkfCKaHO,Auditory,2,43,7,7,7,7,ExtensionCord,1
1394,R_3Ky0BvTReiwmxhy,Visual,1,22,4,4,8,5.333333333,ExtensionCord,0
1395,R_3KBWFeBiSkHryLq,Auditory,1,44,6,4,4,4.666666667,ExtensionCord,1
1396,R_3NSRdWmm0MklFK1,Visual,2,30,5,5,7,5.666666667,ExtensionCord,1
1397,R_Q5GKNQeZLUHJChz,Visual,1,26,7,6,6,6.333333333,ExtensionCord,0
1398,R_ONAaupLDo7n5AwF,Auditory,2,35,5,6,1,4,ExtensionCord,1
1399,R_1gelF4XZcFwgdxB,Visual,1,23,7,7,7,7,ExtensionCord,1
1400,R_Y5ZIO4qXTGxgRRD,Auditory,2,29,6,4,5,5,ExtensionCord,1
1401,R_71fB75IHp7FyLOF,Visual,2,28,5,5,5,5,ExtensionCord,0
1402,R_eFM6HE3DDAhJ8wp,Auditory,2,21,6,7,3,5.333333333,ExtensionCord,1
1403,R_1C2dldCP1WUlIvw,Visual,1,18,5,5,5,5,ExtensionCord,0
1404,R_2BfcB74BhNHtLeP,Auditory,2,30,3,5,4,4,ExtensionCord,1
1405,R_2vdmswQPOYZLgKk,Auditory,1,68,5,5,5,5,ExtensionCord,1
1406,R_brw6ztCMTTVCow1,Visual,1,25,5,4,5,4.666666667,ExtensionCord,0
1407,R_3kERbDLXsaKUOXE,Auditory,1,41,3,5,5,4.333333333,ExtensionCord,1
1408,R_27VWk9YJRp278u0,Auditory,2,31,3,5,3,3.666666667,ExtensionCord,1
1409,R_3Op0MKaHVhhZyTO,Visual,1,38,6,5,6,5.666666667,ExtensionCord,1
1410,R_yrwZsoVaO7AX89b,Visual,1,41,7,7,6,6.666666667,ExtensionCord,1
1411,R_1F2Fseq9ZML0LCz,Visual,1,31,7,7,7,7,ExtensionCord,1
1412,R_3q8qGFGtmqt5i2I,Auditory,1,25,6,5,5,5.333333333,ExtensionCord,1
1413,R_p6kduaRfOSKsxaN,Auditory,1,31,7,7,7,7,ExtensionCord,1
1414,R_3fK1WmgiR5g0VX6,Auditory,1,56,8,8,8,8,ExtensionCord,1
1415,R_sHGOuYGsX7RkyhH,Auditory,2,29,4,5,4,4.333333333,ExtensionCord,1
1416,R_2ipVdJnbDXDN6uZ,Auditory,2,29,9,9,9,9,ExtensionCord,1
1417,R_1GDeHUMb7m5qgCK,Visual,2,33,8,8,8,8,ExtensionCord,1
1418,R_2zunKHRKusVZupW,Visual,2,36,5,5,5,5,ExtensionCord,1
1419,R_3et5y1Bp3e4siwd,Visual,1,19,5,5,4,4.666666667,ExtensionCord,0
1420,R_2q7YDxEuholuIQl,Auditory,2,25,9,9,9,9,ExtensionCord,1
1421,R_3PuIyzj2LRGKTF4,Auditory,2,68,5,5,5,5,ExtensionCord,1
1422,R_yVh1dnt65T4sTfz,Auditory,2,51,6,6,4,5.333333333,ExtensionCord,1
1423,R_21zyXC5PZzwTvxB,Visual,1,28,3,4,2,3,ExtensionCord,1
1424,R_1ocDnDnCuELxMeu,Auditory,1,24,7,7,9,7.666666667,ExtensionCord,0
1425,R_1qb1l0eXNbtXs8s,Visual,2,33,4,5,4,4.333333333,ExtensionCord,1
1426,R_1gkDZ1h8IgLBo0v,Visual,1,18,1,5,3,3,ExtensionCord,1
1427,R_240nY7d1ToFcugA,Visual,2,27,7,7,7,7,ExtensionCord,0
1428,R_30c2RnuUa10SFlM,Auditory,1,30,3,5,2,3.333333333,ExtensionCord,1
1429,R_1k2nftjObMliUjI,Visual,1,19,7,7,8,7.333333333,ExtensionCord,1
1430,R_3lrIZJeiDKXRwI7,Visual,1,36,6,8,5,6.333333333,ExtensionCord,1
1431,R_3lQtsSKEyBVnLdW,Auditory,2,43,6,5,5,5.333333333,ExtensionCord,1
1432,R_3mdUz5mUSp4HtOR,Visual,2,20,7,5,5,5.666666667,ExtensionCord,0
1433,R_1erV5oQYnYepRYU,Auditory,2,46,5,5,5,5,ExtensionCord,1
1434,R_1mq3bQNz1ovBWRq,Visual,1,33,7,6,7,6.666666667,ExtensionCord,1
1435,R_22Yr2NCIFcIhbo1,Visual,1,21,5,6,4,5,ExtensionCord,0
1436,R_0ihdP3hbI2Au7YJ,Visual,1,46,3,3,3,3,ExtensionCord,1
1437,R_vktPIwEskvI2mSB,Auditory,1,27,3,3,3,3,ExtensionCord,0
1438,R_2WMzbf0J2MFwWnR,Visual,2,32,6,7,6,6.333333333,ExtensionCord,0
1439,R_Rzc0vXLBElj7OjD,Auditory,1,20,6,7,7,6.666666667,ExtensionCord,1
1440,R_2ZCAlatOcM5Vbmu,Visual,1,64,6,5,1,4,ExtensionCord,1
1441,R_2EieplRtLgGPJtR,Auditory,2,29,7,7,4,6,ExtensionCord,1
1442,R_OQcVhT8l3Wb0V7r,Auditory,1,23,7,8,4,6.333333333,ExtensionCord,0
1443,R_2RPRKXJC2Qi3sbl,Auditory,2,33,7,7,6,6.666666667,ExtensionCord,1
1444,R_29M42LjlQvcq72V,Auditory,2,26,9,9,9,9,ExtensionCord,1
1445,R_wZPaE0tKf502Dbb,Auditory,1,22,3,3,5,3.666666667,ExtensionCord,0
1446,R_2BnW0iBtWtZSk38,Visual,2,19,8,8,7,7.666666667,ExtensionCord,0
1447,R_1ghWK5xioSHk384,Visual,2,62,5,5,5,5,ExtensionCord,0
1448,R_3WS7WeCuzDNeZNf,Auditory,1,21,6,5,4,5,ExtensionCord,1
1449,R_43kaOMLeiG7DNO9,Visual,1,27,8,8,4,6.666666667,ExtensionCord,1
1450,R_tSw3FCdDdjFhdAd,Auditory,1,59,7,7,7,7,ExtensionCord,1
1451,R_3PcxXoN4KOpamIy,Auditory,1,45,6,5,5,5.333333333,ExtensionCord,1
1452,R_vOHGfpDzYVjgm41,Visual,1,27,8,8,8,8,ExtensionCord,1
1453,R_1n2cPw1C4KClDn0,Visual,2,50,5,5,7,5.666666667,ExtensionCord,0
1454,R_2ckNXhG0o0St75y,Visual,1,45,2,2,2,2,ExtensionCord,0
1455,R_2DZCRtpJnX5Ah9o,Visual,2,49,3,4,4,3.666666667,ExtensionCord,1
1456,R_28SfbeVwK2WqRQK,Auditory,2,21,4,5,6,5,ExtensionCord,1
1457,R_1n0zu92DrqpYgct,Auditory,2,20,7,7,6,6.666666667,ExtensionCord,1
1458,R_1mr73QlFtWQ6K3A,Visual,1,38,3,5,2,3.333333333,ExtensionCord,1
1459,R_0jtzWpZ52eH7jdT,Visual,2,27,9,9,9,9,ExtensionCord,1
1460,R_3ni8Bq4u3hLoL6C,Visual,1,36,6,6,5,5.666666667,ExtensionCord,0
1461,R_11X8Za5JXum2ip0,Auditory,1,55,5,5,3,4.333333333,ExtensionCord,0
1462,R_2wt6ukFLtsr3cnN,Auditory,2,26,6,5,5,5.333333333,ExtensionCord,1
1463,R_riPvb08D3Gu8o5H,Auditory,2,21,9,7,9,8.333333333,ExtensionCord,1
1464,R_1HpKURVrXkcrhdR,Auditory,2,28,5,5,5,5,ExtensionCord,0
1465,R_2YnvsI7OWmL9sHL,Visual,1,42,7,7,7,7,ExtensionCord,1
1466,R_D1TW6knMf1hPCUx,Auditory,1,22,7,5,3,5,ExtensionCord,1
1467,R_1K46FGEOMbfEELT,Auditory,1,47,3,3,2,2.666666667,ExtensionCord,1
1468,R_1CyKc5RKiVLsoYW,Visual,2,25,6,6,5,5.666666667,ExtensionCord,1
1469,R_10TS3AyFUfmp2hr,Auditory,1,18,9,4,1,4.666666667,ExtensionCord,1
1470,R_3foZGT2UaAyKYv4,Auditory,2,73,2,1,2,1.666666667,ExtensionCord,0
1471,R_3s0nKchdwAnSoKk,Visual,2,39,7,7,7,7,ExtensionCord,1
1472,R_3kq7L6WQ1Y8uFI6,Visual,2,43,9,8,6,7.666666667,ExtensionCord,1
1473,R_23fvzwL1VZNa8Hn,Visual,3,21,5,5,5,5,ExtensionCord,1
1474,R_1onglgkrPqODgm5,Auditory,1,32,7,4,5,5.333333333,ExtensionCord,1
1475,R_2qe19Cq8txvASa3,Visual,1,42,7,7,7,7,ExtensionCord,1
1476,R_3O0kZEJzF8gqs9s,Visual,1,26,6,6,5,5.666666667,ExtensionCord,1
1477,R_bNk57weSiBv5dzb,Visual,2,37,9,9,7,8.333333333,ExtensionCord,0
1478,R_1H8NmcKmVpCkqQS,Auditory,2,51,4,5,5,4.666666667,ExtensionCord,1
1479,R_2RPsKYbtTBiS6bH,Visual,1,26,4,5,4,4.333333333,ExtensionCord,1
1480,R_3O819rCZ75K24Vq,Visual,1,18,7,5,6,6,ExtensionCord,0
1481,R_2v1SGNM2d8T3Vgt,Visual,2,25,9,9,9,9,ExtensionCord,0
1482,R_yw06ZkdOxjcp6yR,Visual,2,42,8,8,8,8,ExtensionCord,1
1483,R_2rTViSAoesYMIac,Visual,2,18,7,7,7,7,ExtensionCord,1
1484,R_2R4gHXFtStNrmT5,Auditory,2,56,3,3,3,3,ExtensionCord,1
1485,R_2mzsgDfYYMiPuyB,Auditory,1,20,6,7,4,5.666666667,ExtensionCord,0
1486,R_324vU1p0DwC6YoI,Auditory,2,33,6,6,6,6,ExtensionCord,1
1487,R_3PN49AV5kXxCPRF,Auditory,1,26,6,7,6,6.333333333,ExtensionCord,1
1488,R_2dFOjiREMSMk4u9,Auditory,1,24,2,2,3,2.333333333,ExtensionCord,0
1489,R_3MKA9EZQwpOp0xO,Auditory,2,53,3,3,3,3,ExtensionCord,1
1490,R_264MrkGyvydhNzo,Auditory,1,41,6,6,6,6,ExtensionCord,1
1491,R_3P6PfKUbR20yGTn,Visual,1,24,5,4,5,4.666666667,ExtensionCord,1
1492,R_3MiIjwZ0w85505z,Visual,2,46,6,5,6,5.666666667,ExtensionCord,1
1493,R_33e8mBeu5nyo47N,Auditory,1,37,4,4,4,4,ExtensionCord,0
1494,R_2wgKAhNTQoqxjUG,Auditory,1,19,4,4,4,4,ExtensionCord,1
1495,R_2Yri6UDrrAEzz5Y,Auditory,1,28,8,5,5,6,ExtensionCord,0
1496,R_3Nwl4Ys4SNi51cR,Auditory,1,44,3,3,4,3.333333333,ExtensionCord,0
1497,R_1mUgVFbhKvausbr,Visual,2,19,6,4,3,4.333333333,ExtensionCord,0
1498,R_1qfgkVGT7YYLEVI,Visual,2,52,4,8,6,6,ExtensionCord,0
1499,R_30oXrBhrQKWCy03,Visual,1,52,5,5,5,5,ExtensionCord,1
1500,R_3m1Ynt0wF7eC67a,Visual,2,26,9,9,9,9,ExtensionCord,1
1501,R_cwEJ4dbEWM9eEtr,Auditory,1,32,6,5,5,5.333333333,ExtensionCord,0
1502,R_2dL04XtJJCJWi2w,Auditory,2,23,6,7,6,6.333333333,ExtensionCord,1
1503,R_2R4xfCh8sR5RPin,Visual,1,21,7,6,7,6.666666667,ExtensionCord,1
1504,R_1IMISbaUR54aaD4,Auditory,1,72,7,7,6,6.666666667,ExtensionCord,0
1505,R_O1qCDCLO3uuN9ER,Visual,1,53,6,6,6,6,ExtensionCord,1
1506,R_1dmZLucTGjJlZUJ,Auditory,2,40,5,1,5,3.666666667,ExtensionCord,1
1507,R_YbLZy0RuCkPquv7,Auditory,1,51,5,3,3,3.666666667,ExtensionCord,1
1508,R_2WSdcM3PLjAi4aq,Auditory,1,26,6,4,4,4.666666667,ExtensionCord,1
1509,R_aVks7VjarwlDOA9,Visual,2,54,7,7,7,7,ExtensionCord,1
1510,R_2R8icqi5vXDXwvf,Visual,1,21,7,6,7,6.666666667,ExtensionCord,1
1511,R_2TZXlcQQtx98YNP,Auditory,1,29,4,3,6,4.333333333,ExtensionCord,1
1512,R_3338PDm5z8NcW5N,Auditory,2,51,2,3,1,2,ExtensionCord,1
1513,R_3k4BCPyqJFqGuAQ,Auditory,1,66,3,5,3,3.666666667,ExtensionCord,1
1514,R_2ZCWXDr0qJFF1uh,Auditory,1,54,3,5,5,4.333333333,ExtensionCord,1
1515,R_1ilejStXMdBhx1E,Visual,2,51,5,7,4,5.333333333,ExtensionCord,0
1516,R_3DqIyWYrYPOdUK8,Auditory,1,32,7,7,7,7,ExtensionCord,1
1517,R_1feBndJPEeM0Y0Y,Visual,2,58,7,7,6,6.666666667,ExtensionCord,1
1518,R_RJEHuuSbDXkZjAB,Visual,1,43,5,6,4,5,ExtensionCord,1
1519,R_2tMv6mRIhezt7CD,Auditory,1,45,5,1,1,2.333333333,ExtensionCord,0
1520,R_22raUoY119y3ktE,Auditory,1,38,4,3,2,3,ExtensionCord,0
1521,R_29obQhZ48nIYIE1,Visual,2,31,7,7,8,7.333333333,ExtensionCord,1
1522,R_3ipYQFoXdYjMkmm,Visual,2,26,7,7,7,7,ExtensionCord,1
1523,R_RgdHgbvyC3szQfD,Auditory,1,32,7,7,6,6.666666667,ExtensionCord,0
1524,R_3e3k4i5cMyfdXXR,Visual,2,47,6,7,6,6.333333333,ExtensionCord,1
1525,R_UsZH5g09wIL1SQ9,Auditory,1,68,3,6,5,4.666666667,ExtensionCord,0
1526,R_2fwg9QccOgzKLg8,Visual,1,24,4,5,5,4.666666667,ExtensionCord,0
1527,R_3MtfEn1apWsotho,Visual,1,40,5,5,6,5.333333333,ExtensionCord,1
1528,R_2SfqNaklzRFShJW,Auditory,2,26,3,4,3,3.333333333,ExtensionCord,1
1529,R_1mJGPEp4pnXBa3a,Visual,2,63,5,4,6,5,ExtensionCord,1
1530,R_2sYA9a1jPrNq0zg,Visual,1,30,7,7,5,6.333333333,ExtensionCord,1
1531,R_2Ep0jauqfMaC8R0,Auditory,1,27,7,5,3,5,ExtensionCord,1
1532,R_2uU5KfppomPUn3y,Visual,1,33,2,2,1,1.666666667,ExtensionCord,1
1533,R_Wc8xASjY3dhumZ3,Auditory,1,38,7,7,5,6.333333333,ExtensionCord,1
1534,R_xtjnJkanp5BTVUR,Visual,1,30,6,6,4,5.333333333,ExtensionCord,1
1535,R_ZEQyyCeddNIpnih,Visual,2,29,3,3,2,2.666666667,ExtensionCord,1
1536,R_YS5g28Ptcs9RFo5,Visual,2,26,4,5,3,4,ExtensionCord,1
1537,R_40BG848BKycpDW1,Auditory,2,51,3,5,3,3.666666667,ExtensionCord,0
1538,R_3oLVFsjMsXpD3tk,Visual,1,30,6,7,8,7,ExtensionCord,1
1539,R_3HpgicV8p9rXGNb,Visual,2,38,5,5,5,5,ExtensionCord,1
1540,R_3fK7YwUwyl95WQs,Auditory,1,18,5,5,3,4.333333333,ExtensionCord,1
1541,R_2R96SXKDEjX0pLt,Auditory,2,18,4,5,4,4.333333333,ExtensionCord,1
1542,R_3n6oUUs5iO5nsKO,Auditory,2,56,7,6,6,6.333333333,ExtensionCord,1
1543,R_1hAy7yfWQsGhYuo,Visual,1,23,8,8,7,7.666666667,ExtensionCord,0
1544,R_SOD6bNr2QM9jUHv,Auditory,1,22,6,5,4,5,ExtensionCord,0
1545,R_OjSZfDE7OBqrdgB,Visual,2,48,1,5,1,2.333333333,ExtensionCord,0
1546,R_29bQxFZxPxG746P,Auditory,1,29,6,7,6,6.333333333,ExtensionCord,1
1547,R_ZxTdpN9ooVmG4KZ,Auditory,2,62,6,6,5,5.666666667,ExtensionCord,0
1548,R_1HcykyOUoI464jK,Auditory,2,43,1,1,1,1,ExtensionCord,0
1549,R_1qh4ekbhUvGH6ad,Auditory,2,21,3,5,5,4.333333333,ExtensionCord,0
1550,R_3shmaMPMQFDkp2i,Auditory,2,31,5,2,2,3,ExtensionCord,1
1551,R_3ipNYl70oUXaWfj,Auditory,1,27,6,5,5,5.333333333,ExtensionCord,1
1552,R_120bD4VtWiO2hBk,Visual,1,31,5,5,5,5,ExtensionCord,1
1553,R_uyquEgwvz9E0kil,Visual,1,25,8,8,8,8,ExtensionCord,1
1554,R_sH8TkcywQ3A7ryh,Visual,2,43,5,5,5,5,ExtensionCord,0
1555,R_2Sw65hhRbVqzgQP,Visual,2,69,5,7,3,5,ExtensionCord,0
1556,R_1q51DMAfmat5eSM,Visual,2,22,6,6,4,5.333333333,ExtensionCord,0
1557,R_1HibILsyjhItoM9,Auditory,1,36,5,5,5,5,ExtensionCord,0
1558,R_2c27Fzm396hXsde,Visual,2,44,5,6,6,5.666666667,ExtensionCord,0
1559,R_095xf3sHSUDZMgV,Auditory,1,24,6,5,4,5,ExtensionCord,0
1560,R_2RaA3ucC69q6jaX,Auditory,2,33,5,6,7,6,ExtensionCord,1
1561,R_xnFncZgu2UsaEZb,Visual,1,37,6,6,7,6.333333333,ExtensionCord,0
1562,R_1q2hWdhV1mnp91c,Visual,2,34,6,6,6,6,ExtensionCord,1
1563,R_przHuOvhhGV5VeN,Auditory,2,31,5,5,3,4.333333333,ExtensionCord,0
1564,R_1Lnj51D5n7e7yqN,Auditory,2,59,8,7,5,6.666666667,ExtensionCord,1
1565,R_3ilo3S2mZwaGk38,Visual,2,54,5,5,5,5,ExtensionCord,0
1566,R_3MEklDnJ2wbWxd8,Visual,1,55,7,7,5,6.333333333,ExtensionCord,1
1567,R_1nZmtKiFNb6jb38,Auditory,2,36,5,5,5,5,ExtensionCord,1
1568,R_12KAigVbfBdOvDD,Visual,2,20,5,5,5,5,ExtensionCord,0
1569,R_27UsoDmXy0eQSIs,Visual,2,41,5,5,5,5,ExtensionCord,1
1570,R_2rTI2UHq4kKg65y,Visual,2,35,5,6,6,5.666666667,ExtensionCord,0
1571,R_RgEdb4lE5U1Q3zH,Auditory,2,31,1,2,1,1.333333333,ExtensionCord,0
1572,R_3PzpU9o2gxkAAnl,Visual,2,33,6,5,7,6,ExtensionCord,1
